,date,hot_cold_class,pos_neg_class,Weather,Temperature
30,2016-12-28,cold,Negative,5,3
31,2016-12-28,cold,Negative,7,3
32,2016-12-28,cold,Negative,1,3
33,2016-12-28,cold,Negative,7,3
34,2016-12-28,cold,Negative,1,5
50,2016-12-28,cold,Negative,5,3
51,2016-12-28,cold,Negative,7,3
52,2016-12-28,cold,Negative,1,3
53,2016-12-28,cold,Negative,7,3
54,2016-12-28,cold,Negative,1,5
80,2016-12-28,cold,Negative,5,3
81,2016-12-28,cold,Negative,7,3
82,2016-12-28,cold,Negative,1,3
83,2016-12-28,cold,Negative,7,3
84,2016-12-28,cold,Negative,1,5
295,2016-12-28,cold,Negative,5,3
296,2016-12-28,cold,Negative,7,3
297,2016-12-28,cold,Negative,1,3
298,2016-12-28,cold,Negative,7,3
299,2016-12-28,cold,Negative,1,5
345,2016-12-28,cold,Negative,5,3
346,2016-12-28,cold,Negative,7,3
347,2016-12-28,cold,Negative,1,3
348,2016-12-28,cold,Negative,7,3
349,2016-12-28,cold,Negative,1,5
375,2016-12-28,cold,Negative,5,3
376,2016-12-28,cold,Negative,7,3
377,2016-12-28,cold,Negative,1,3
378,2016-12-28,cold,Negative,7,3
379,2016-12-28,cold,Negative,1,5
425,2016-12-28,cold,Negative,5,3
426,2016-12-28,cold,Negative,7,3
427,2016-12-28,cold,Negative,1,3
428,2016-12-28,cold,Negative,7,3
429,2016-12-28,cold,Negative,1,5
490,2016-12-28,cold,Negative,5,3
491,2016-12-28,cold,Negative,7,3
492,2016-12-28,cold,Negative,1,3
493,2016-12-28,cold,Negative,7,3
494,2016-12-28,cold,Negative,1,5
535,2016-12-28,cold,Negative,5,3
536,2016-12-28,cold,Negative,7,3
537,2016-12-28,cold,Negative,1,3
538,2016-12-28,cold,Negative,7,3
539,2016-12-28,cold,Negative,1,5
590,2016-12-28,cold,Negative,5,3
591,2016-12-28,cold,Negative,7,3
592,2016-12-28,cold,Negative,1,3
593,2016-12-28,cold,Negative,7,3
594,2016-12-28,cold,Negative,1,5
605,2016-12-28,cold,Negative,5,3
606,2016-12-28,cold,Negative,7,3
607,2016-12-28,cold,Negative,1,3
608,2016-12-28,cold,Negative,7,3
609,2016-12-28,cold,Negative,1,5
615,2016-12-28,cold,Negative,5,3
616,2016-12-28,cold,Negative,7,3
617,2016-12-28,cold,Negative,1,3
618,2016-12-28,cold,Negative,7,3
619,2016-12-28,cold,Negative,1,5
670,2016-12-28,cold,Negative,5,3
671,2016-12-28,cold,Negative,7,3
672,2016-12-28,cold,Negative,1,3
673,2016-12-28,cold,Negative,7,3
674,2016-12-28,cold,Negative,1,5
825,2016-12-28,cold,Negative,5,3
826,2016-12-28,cold,Negative,7,3
827,2016-12-28,cold,Negative,1,3
828,2016-12-28,cold,Negative,7,3
829,2016-12-28,cold,Negative,1,5
835,2016-12-28,cold,Negative,5,3
836,2016-12-28,cold,Negative,7,3
837,2016-12-28,cold,Negative,1,3
838,2016-12-28,cold,Negative,7,3
839,2016-12-28,cold,Negative,1,5
880,2016-12-28,cold,Negative,5,3
881,2016-12-28,cold,Negative,7,3
882,2016-12-28,cold,Negative,1,3
883,2016-12-28,cold,Negative,7,3
884,2016-12-28,cold,Negative,1,5
945,2016-12-28,cold,Negative,5,3
946,2016-12-28,cold,Negative,7,3
947,2016-12-28,cold,Negative,1,3
948,2016-12-28,cold,Negative,7,3
949,2016-12-28,cold,Negative,1,5
985,2016-12-28,cold,Negative,5,3
986,2016-12-28,cold,Negative,7,3
987,2016-12-28,cold,Negative,1,3
988,2016-12-28,cold,Negative,7,3
989,2016-12-28,cold,Negative,1,5
1050,2016-12-28,cold,Negative,5,3
1051,2016-12-28,cold,Negative,7,3
1052,2016-12-28,cold,Negative,1,3
1053,2016-12-28,cold,Negative,7,3
1054,2016-12-28,cold,Negative,1,5
1190,2016-12-28,cold,Negative,5,3
1191,2016-12-28,cold,Negative,7,3
1192,2016-12-28,cold,Negative,1,3
1193,2016-12-28,cold,Negative,7,3
1194,2016-12-28,cold,Negative,1,5
1195,2016-12-28,cold,Negative,5,3
1196,2016-12-28,cold,Negative,7,3
1197,2016-12-28,cold,Negative,1,3
1198,2016-12-28,cold,Negative,7,3
1199,2016-12-28,cold,Negative,1,5
1200,2016-12-28,cold,Negative,5,3
1201,2016-12-28,cold,Negative,7,3
1202,2016-12-28,cold,Negative,1,3
1203,2016-12-28,cold,Negative,7,3
1204,2016-12-28,cold,Negative,1,5
1220,2016-12-28,cold,Negative,5,3
1221,2016-12-28,cold,Negative,7,3
1222,2016-12-28,cold,Negative,1,3
1223,2016-12-28,cold,Negative,7,3
1224,2016-12-28,cold,Negative,1,5
1235,2016-12-28,cold,Negative,5,3
1236,2016-12-28,cold,Negative,7,3
1237,2016-12-28,cold,Negative,1,3
1238,2016-12-28,cold,Negative,7,3
1239,2016-12-28,cold,Negative,1,5
1260,2016-12-28,cold,Negative,5,3
1261,2016-12-28,cold,Negative,7,3
1262,2016-12-28,cold,Negative,1,3
1263,2016-12-28,cold,Negative,7,3
1264,2016-12-28,cold,Negative,1,5
1465,2016-12-28,cold,Positive,5,3
1466,2016-12-28,cold,Positive,7,3
1467,2016-12-28,cold,Positive,1,3
1468,2016-12-28,cold,Positive,7,3
1469,2016-12-28,cold,Positive,1,5
1515,2016-12-28,cold,Negative,5,3
1516,2016-12-28,cold,Negative,7,3
1517,2016-12-28,cold,Negative,1,3
1518,2016-12-28,cold,Negative,7,3
1519,2016-12-28,cold,Negative,1,5
1615,2016-12-28,cold,Negative,5,3
1616,2016-12-28,cold,Negative,7,3
1617,2016-12-28,cold,Negative,1,3
1618,2016-12-28,cold,Negative,7,3
1619,2016-12-28,cold,Negative,1,5
1690,2016-12-28,cold,Negative,5,3
1691,2016-12-28,cold,Negative,7,3
1692,2016-12-28,cold,Negative,1,3
1693,2016-12-28,cold,Negative,7,3
1694,2016-12-28,cold,Negative,1,5
1700,2016-12-28,cold,Negative,5,3
1701,2016-12-28,cold,Negative,7,3
1702,2016-12-28,cold,Negative,1,3
1703,2016-12-28,cold,Negative,7,3
1704,2016-12-28,cold,Negative,1,5
1740,2016-12-28,cold,Negative,5,3
1741,2016-12-28,cold,Negative,7,3
1742,2016-12-28,cold,Negative,1,3
1743,2016-12-28,cold,Negative,7,3
1744,2016-12-28,cold,Negative,1,5
1785,2016-12-28,cold,Negative,5,3
1786,2016-12-28,cold,Negative,7,3
1787,2016-12-28,cold,Negative,1,3
1788,2016-12-28,cold,Negative,7,3
1789,2016-12-28,cold,Negative,1,5
1835,2016-12-28,cold,Positive,5,3
1836,2016-12-28,cold,Positive,7,3
1837,2016-12-28,cold,Positive,1,3
1838,2016-12-28,cold,Positive,7,3
1839,2016-12-28,cold,Positive,1,5
1865,2016-12-28,cold,Negative,5,3
1866,2016-12-28,cold,Negative,7,3
1867,2016-12-28,cold,Negative,1,3
1868,2016-12-28,cold,Negative,7,3
1869,2016-12-28,cold,Negative,1,5
1880,2016-12-28,cold,Positive,5,3
1881,2016-12-28,cold,Positive,7,3
1882,2016-12-28,cold,Positive,1,3
1883,2016-12-28,cold,Positive,7,3
1884,2016-12-28,cold,Positive,1,5
1920,2016-12-28,cold,Positive,5,3
1921,2016-12-28,cold,Positive,7,3
1922,2016-12-28,cold,Positive,1,3
1923,2016-12-28,cold,Positive,7,3
1924,2016-12-28,cold,Positive,1,5
1980,2016-12-28,cold,Negative,5,3
1981,2016-12-28,cold,Negative,7,3
1982,2016-12-28,cold,Negative,1,3
1983,2016-12-28,cold,Negative,7,3
1984,2016-12-28,cold,Negative,1,5
1990,2016-12-28,cold,Negative,5,3
1991,2016-12-28,cold,Negative,7,3
1992,2016-12-28,cold,Negative,1,3
1993,2016-12-28,cold,Negative,7,3
1994,2016-12-28,cold,Negative,1,5
2025,2016-12-28,cold,Negative,5,3
2026,2016-12-28,cold,Negative,7,3
2027,2016-12-28,cold,Negative,1,3
2028,2016-12-28,cold,Negative,7,3
2029,2016-12-28,cold,Negative,1,5
2050,2016-12-28,cold,Negative,5,3
2051,2016-12-28,cold,Negative,7,3
2052,2016-12-28,cold,Negative,1,3
2053,2016-12-28,cold,Negative,7,3
2054,2016-12-28,cold,Negative,1,5
2120,2016-12-28,cold,Negative,5,3
2121,2016-12-28,cold,Negative,7,3
2122,2016-12-28,cold,Negative,1,3
2123,2016-12-28,cold,Negative,7,3
2124,2016-12-28,cold,Negative,1,5
2135,2016-12-28,cold,Negative,5,3
2136,2016-12-28,cold,Negative,7,3
2137,2016-12-28,cold,Negative,1,3
2138,2016-12-28,cold,Negative,7,3
2139,2016-12-28,cold,Negative,1,5
2155,2016-12-28,cold,Negative,5,3
2156,2016-12-28,cold,Negative,7,3
2157,2016-12-28,cold,Negative,1,3
2158,2016-12-28,cold,Negative,7,3
2159,2016-12-28,cold,Negative,1,5
2200,2016-12-28,cold,Negative,5,3
2201,2016-12-28,cold,Negative,7,3
2202,2016-12-28,cold,Negative,1,3
2203,2016-12-28,cold,Negative,7,3
2204,2016-12-28,cold,Negative,1,5
2305,2016-12-28,cold,Negative,5,3
2306,2016-12-28,cold,Negative,7,3
2307,2016-12-28,cold,Negative,1,3
2308,2016-12-28,cold,Negative,7,3
2309,2016-12-28,cold,Negative,1,5
2335,2016-12-28,cold,Negative,5,3
2336,2016-12-28,cold,Negative,7,3
2337,2016-12-28,cold,Negative,1,3
2338,2016-12-28,cold,Negative,7,3
2339,2016-12-28,cold,Negative,1,5
2345,2016-12-28,cold,Negative,5,3
2346,2016-12-28,cold,Negative,7,3
2347,2016-12-28,cold,Negative,1,3
2348,2016-12-28,cold,Negative,7,3
2349,2016-12-28,cold,Negative,1,5
2470,2016-12-28,cold,Negative,5,3
2471,2016-12-28,cold,Negative,7,3
2472,2016-12-28,cold,Negative,1,3
2473,2016-12-28,cold,Negative,7,3
2474,2016-12-28,cold,Negative,1,5
2510,2016-12-28,cold,Negative,5,3
2511,2016-12-28,cold,Negative,7,3
2512,2016-12-28,cold,Negative,1,3
2513,2016-12-28,cold,Negative,7,3
2514,2016-12-28,cold,Negative,1,5
2535,2016-12-28,cold,Positive,5,3
2536,2016-12-28,cold,Positive,7,3
2537,2016-12-28,cold,Positive,1,3
2538,2016-12-28,cold,Positive,7,3
2539,2016-12-28,cold,Positive,1,5
2550,2016-12-28,cold,Negative,5,3
2551,2016-12-28,cold,Negative,7,3
2552,2016-12-28,cold,Negative,1,3
2553,2016-12-28,cold,Negative,7,3
2554,2016-12-28,cold,Negative,1,5
2565,2016-12-28,cold,Negative,5,3
2566,2016-12-28,cold,Negative,7,3
2567,2016-12-28,cold,Negative,1,3
2568,2016-12-28,cold,Negative,7,3
2569,2016-12-28,cold,Negative,1,5
2600,2016-12-28,cold,Negative,5,3
2601,2016-12-28,cold,Negative,7,3
2602,2016-12-28,cold,Negative,1,3
2603,2016-12-28,cold,Negative,7,3
2604,2016-12-28,cold,Negative,1,5
2680,2016-12-28,cold,Negative,5,3
2681,2016-12-28,cold,Negative,7,3
2682,2016-12-28,cold,Negative,1,3
2683,2016-12-28,cold,Negative,7,3
2684,2016-12-28,cold,Negative,1,5
2735,2016-12-28,cold,Negative,5,3
2736,2016-12-28,cold,Negative,7,3
2737,2016-12-28,cold,Negative,1,3
2738,2016-12-28,cold,Negative,7,3
2739,2016-12-28,cold,Negative,1,5
2760,2016-12-28,cold,Negative,5,3
2761,2016-12-28,cold,Negative,7,3
2762,2016-12-28,cold,Negative,1,3
2763,2016-12-28,cold,Negative,7,3
2764,2016-12-28,cold,Negative,1,5
2800,2016-12-28,cold,Negative,5,3
2801,2016-12-28,cold,Negative,7,3
2802,2016-12-28,cold,Negative,1,3
2803,2016-12-28,cold,Negative,7,3
2804,2016-12-28,cold,Negative,1,5
2855,2016-12-28,cold,Negative,5,3
2856,2016-12-28,cold,Negative,7,3
2857,2016-12-28,cold,Negative,1,3
2858,2016-12-28,cold,Negative,7,3
2859,2016-12-28,cold,Negative,1,5
2920,2016-12-28,cold,Negative,5,3
2921,2016-12-28,cold,Negative,7,3
2922,2016-12-28,cold,Negative,1,3
2923,2016-12-28,cold,Negative,7,3
2924,2016-12-28,cold,Negative,1,5
3130,2016-12-28,cold,Negative,5,3
3131,2016-12-28,cold,Negative,7,3
3132,2016-12-28,cold,Negative,1,3
3133,2016-12-28,cold,Negative,7,3
3134,2016-12-28,cold,Negative,1,5
3180,2016-12-28,cold,Negative,5,3
3181,2016-12-28,cold,Negative,7,3
3182,2016-12-28,cold,Negative,1,3
3183,2016-12-28,cold,Negative,7,3
3184,2016-12-28,cold,Negative,1,5
3220,2016-12-28,cold,Negative,5,3
3221,2016-12-28,cold,Negative,7,3
3222,2016-12-28,cold,Negative,1,3
3223,2016-12-28,cold,Negative,7,3
3224,2016-12-28,cold,Negative,1,5
3365,2016-12-28,cold,Negative,5,3
3366,2016-12-28,cold,Negative,7,3
3367,2016-12-28,cold,Negative,1,3
3368,2016-12-28,cold,Negative,7,3
3369,2016-12-28,cold,Negative,1,5
3380,2016-12-28,cold,Negative,5,3
3381,2016-12-28,cold,Negative,7,3
3382,2016-12-28,cold,Negative,1,3
3383,2016-12-28,cold,Negative,7,3
3384,2016-12-28,cold,Negative,1,5
3515,2016-12-28,cold,Negative,5,3
3516,2016-12-28,cold,Negative,7,3
3517,2016-12-28,cold,Negative,1,3
3518,2016-12-28,cold,Negative,7,3
3519,2016-12-28,cold,Negative,1,5
3545,2016-12-28,cold,Negative,5,3
3546,2016-12-28,cold,Negative,7,3
3547,2016-12-28,cold,Negative,1,3
3548,2016-12-28,cold,Negative,7,3
3549,2016-12-28,cold,Negative,1,5
3710,2016-12-28,cold,Negative,5,3
3711,2016-12-28,cold,Negative,7,3
3712,2016-12-28,cold,Negative,1,3
3713,2016-12-28,cold,Negative,7,3
3714,2016-12-28,cold,Negative,1,5
3725,2016-12-28,cold,Negative,5,3
3726,2016-12-28,cold,Negative,7,3
3727,2016-12-28,cold,Negative,1,3
3728,2016-12-28,cold,Negative,7,3
3729,2016-12-28,cold,Negative,1,5
3745,2016-12-28,cold,Positive,5,3
3746,2016-12-28,cold,Positive,7,3
3747,2016-12-28,cold,Positive,1,3
3748,2016-12-28,cold,Positive,7,3
3749,2016-12-28,cold,Positive,1,5
3945,2016-12-28,cold,Negative,5,3
3946,2016-12-28,cold,Negative,7,3
3947,2016-12-28,cold,Negative,1,3
3948,2016-12-28,cold,Negative,7,3
3949,2016-12-28,cold,Negative,1,5
4070,2016-12-28,cold,Negative,5,3
4071,2016-12-28,cold,Negative,7,3
4072,2016-12-28,cold,Negative,1,3
4073,2016-12-28,cold,Negative,7,3
4074,2016-12-28,cold,Negative,1,5
4215,2016-12-28,cold,Negative,5,3
4216,2016-12-28,cold,Negative,7,3
4217,2016-12-28,cold,Negative,1,3
4218,2016-12-28,cold,Negative,7,3
4219,2016-12-28,cold,Negative,1,5
4220,2016-12-28,cold,Negative,5,3
4221,2016-12-28,cold,Negative,7,3
4222,2016-12-28,cold,Negative,1,3
4223,2016-12-28,cold,Negative,7,3
4224,2016-12-28,cold,Negative,1,5
4320,2016-12-28,cold,Negative,5,3
4321,2016-12-28,cold,Negative,7,3
4322,2016-12-28,cold,Negative,1,3
4323,2016-12-28,cold,Negative,7,3
4324,2016-12-28,cold,Negative,1,5
4375,2016-12-28,cold,Negative,5,3
4376,2016-12-28,cold,Negative,7,3
4377,2016-12-28,cold,Negative,1,3
4378,2016-12-28,cold,Negative,7,3
4379,2016-12-28,cold,Negative,1,5
4430,2016-12-28,cold,Negative,5,3
4431,2016-12-28,cold,Negative,7,3
4432,2016-12-28,cold,Negative,1,3
4433,2016-12-28,cold,Negative,7,3
4434,2016-12-28,cold,Negative,1,5
4440,2016-12-28,cold,Negative,5,3
4441,2016-12-28,cold,Negative,7,3
4442,2016-12-28,cold,Negative,1,3
4443,2016-12-28,cold,Negative,7,3
4444,2016-12-28,cold,Negative,1,5
4450,2016-12-28,cold,Negative,5,3
4451,2016-12-28,cold,Negative,7,3
4452,2016-12-28,cold,Negative,1,3
4453,2016-12-28,cold,Negative,7,3
4454,2016-12-28,cold,Negative,1,5
4520,2016-12-28,cold,Negative,5,3
4521,2016-12-28,cold,Negative,7,3
4522,2016-12-28,cold,Negative,1,3
4523,2016-12-28,cold,Negative,7,3
4524,2016-12-28,cold,Negative,1,5
4940,2016-12-28,cold,Negative,5,3
4941,2016-12-28,cold,Negative,7,3
4942,2016-12-28,cold,Negative,1,3
4943,2016-12-28,cold,Negative,7,3
4944,2016-12-28,cold,Negative,1,5
5000,2016-12-29,cold,Negative,7,4
5001,2016-12-29,cold,Negative,7,4
5002,2016-12-29,cold,Negative,7,3
5003,2016-12-29,cold,Negative,3,3
5004,2016-12-29,cold,Negative,1,4
5070,2016-12-29,cold,Negative,7,4
5071,2016-12-29,cold,Negative,7,4
5072,2016-12-29,cold,Negative,7,3
5073,2016-12-29,cold,Negative,3,3
5074,2016-12-29,cold,Negative,1,4
5180,2016-12-29,cold,Negative,7,4
5181,2016-12-29,cold,Negative,7,4
5182,2016-12-29,cold,Negative,7,3
5183,2016-12-29,cold,Negative,3,3
5184,2016-12-29,cold,Negative,1,4
5190,2016-12-29,cold,Negative,7,4
5191,2016-12-29,cold,Negative,7,4
5192,2016-12-29,cold,Negative,7,3
5193,2016-12-29,cold,Negative,3,3
5194,2016-12-29,cold,Negative,1,4
5205,2016-12-29,cold,Negative,7,4
5206,2016-12-29,cold,Negative,7,4
5207,2016-12-29,cold,Negative,7,3
5208,2016-12-29,cold,Negative,3,3
5209,2016-12-29,cold,Negative,1,4
5210,2016-12-29,cold,Negative,7,4
5211,2016-12-29,cold,Negative,7,4
5212,2016-12-29,cold,Negative,7,3
5213,2016-12-29,cold,Negative,3,3
5214,2016-12-29,cold,Negative,1,4
5240,2016-12-29,cold,Negative,7,4
5241,2016-12-29,cold,Negative,7,4
5242,2016-12-29,cold,Negative,7,3
5243,2016-12-29,cold,Negative,3,3
5244,2016-12-29,cold,Negative,1,4
5295,2016-12-29,cold,Negative,7,4
5296,2016-12-29,cold,Negative,7,4
5297,2016-12-29,cold,Negative,7,3
5298,2016-12-29,cold,Negative,3,3
5299,2016-12-29,cold,Negative,1,4
5300,2016-12-29,cold,Negative,7,4
5301,2016-12-29,cold,Negative,7,4
5302,2016-12-29,cold,Negative,7,3
5303,2016-12-29,cold,Negative,3,3
5304,2016-12-29,cold,Negative,1,4
5635,2016-12-29,cold,Negative,7,4
5636,2016-12-29,cold,Negative,7,4
5637,2016-12-29,cold,Negative,7,3
5638,2016-12-29,cold,Negative,3,3
5639,2016-12-29,cold,Negative,1,4
5645,2016-12-29,cold,Negative,7,4
5646,2016-12-29,cold,Negative,7,4
5647,2016-12-29,cold,Negative,7,3
5648,2016-12-29,cold,Negative,3,3
5649,2016-12-29,cold,Negative,1,4
5685,2016-12-29,cold,Negative,7,4
5686,2016-12-29,cold,Negative,7,4
5687,2016-12-29,cold,Negative,7,3
5688,2016-12-29,cold,Negative,3,3
5689,2016-12-29,cold,Negative,1,4
5700,2016-12-29,cold,Negative,7,4
5701,2016-12-29,cold,Negative,7,4
5702,2016-12-29,cold,Negative,7,3
5703,2016-12-29,cold,Negative,3,3
5704,2016-12-29,cold,Negative,1,4
5730,2016-12-29,cold,Negative,7,4
5731,2016-12-29,cold,Negative,7,4
5732,2016-12-29,cold,Negative,7,3
5733,2016-12-29,cold,Negative,3,3
5734,2016-12-29,cold,Negative,1,4
5815,2016-12-29,cold,Negative,7,4
5816,2016-12-29,cold,Negative,7,4
5817,2016-12-29,cold,Negative,7,3
5818,2016-12-29,cold,Negative,3,3
5819,2016-12-29,cold,Negative,1,4
5855,2016-12-29,cold,Negative,7,4
5856,2016-12-29,cold,Negative,7,4
5857,2016-12-29,cold,Negative,7,3
5858,2016-12-29,cold,Negative,3,3
5859,2016-12-29,cold,Negative,1,4
5900,2016-12-29,cold,Negative,7,4
5901,2016-12-29,cold,Negative,7,4
5902,2016-12-29,cold,Negative,7,3
5903,2016-12-29,cold,Negative,3,3
5904,2016-12-29,cold,Negative,1,4
5950,2016-12-29,cold,Negative,7,4
5951,2016-12-29,cold,Negative,7,4
5952,2016-12-29,cold,Negative,7,3
5953,2016-12-29,cold,Negative,3,3
5954,2016-12-29,cold,Negative,1,4
6060,2016-12-29,cold,Negative,7,4
6061,2016-12-29,cold,Negative,7,4
6062,2016-12-29,cold,Negative,7,3
6063,2016-12-29,cold,Negative,3,3
6064,2016-12-29,cold,Negative,1,4
6300,2016-12-29,cold,Negative,7,4
6301,2016-12-29,cold,Negative,7,4
6302,2016-12-29,cold,Negative,7,3
6303,2016-12-29,cold,Negative,3,3
6304,2016-12-29,cold,Negative,1,4
6330,2016-12-29,cold,Negative,7,4
6331,2016-12-29,cold,Negative,7,4
6332,2016-12-29,cold,Negative,7,3
6333,2016-12-29,cold,Negative,3,3
6334,2016-12-29,cold,Negative,1,4
6350,2016-12-29,cold,Negative,7,4
6351,2016-12-29,cold,Negative,7,4
6352,2016-12-29,cold,Negative,7,3
6353,2016-12-29,cold,Negative,3,3
6354,2016-12-29,cold,Negative,1,4
6545,2016-12-29,cold,Negative,7,4
6546,2016-12-29,cold,Negative,7,4
6547,2016-12-29,cold,Negative,7,3
6548,2016-12-29,cold,Negative,3,3
6549,2016-12-29,cold,Negative,1,4
6665,2016-12-29,cold,Negative,7,4
6666,2016-12-29,cold,Negative,7,4
6667,2016-12-29,cold,Negative,7,3
6668,2016-12-29,cold,Negative,3,3
6669,2016-12-29,cold,Negative,1,4
6675,2016-12-29,cold,Negative,7,4
6676,2016-12-29,cold,Negative,7,4
6677,2016-12-29,cold,Negative,7,3
6678,2016-12-29,cold,Negative,3,3
6679,2016-12-29,cold,Negative,1,4
6680,2016-12-29,cold,Negative,7,4
6681,2016-12-29,cold,Negative,7,4
6682,2016-12-29,cold,Negative,7,3
6683,2016-12-29,cold,Negative,3,3
6684,2016-12-29,cold,Negative,1,4
7000,2016-12-29,cold,Negative,7,4
7001,2016-12-29,cold,Negative,7,4
7002,2016-12-29,cold,Negative,7,3
7003,2016-12-29,cold,Negative,3,3
7004,2016-12-29,cold,Negative,1,4
7045,2016-12-29,cold,Negative,7,4
7046,2016-12-29,cold,Negative,7,4
7047,2016-12-29,cold,Negative,7,3
7048,2016-12-29,cold,Negative,3,3
7049,2016-12-29,cold,Negative,1,4
7145,2016-12-29,cold,Negative,7,4
7146,2016-12-29,cold,Negative,7,4
7147,2016-12-29,cold,Negative,7,3
7148,2016-12-29,cold,Negative,3,3
7149,2016-12-29,cold,Negative,1,4
7290,2016-12-29,cold,Negative,7,4
7291,2016-12-29,cold,Negative,7,4
7292,2016-12-29,cold,Negative,7,3
7293,2016-12-29,cold,Negative,3,3
7294,2016-12-29,cold,Negative,1,4
7610,2016-12-29,cold,Negative,7,4
7611,2016-12-29,cold,Negative,7,4
7612,2016-12-29,cold,Negative,7,3
7613,2016-12-29,cold,Negative,3,3
7614,2016-12-29,cold,Negative,1,4
7740,2016-12-29,cold,Negative,7,4
7741,2016-12-29,cold,Negative,7,4
7742,2016-12-29,cold,Negative,7,3
7743,2016-12-29,cold,Negative,3,3
7744,2016-12-29,cold,Negative,1,4
7755,2016-12-29,cold,Negative,7,4
7756,2016-12-29,cold,Negative,7,4
7757,2016-12-29,cold,Negative,7,3
7758,2016-12-29,cold,Negative,3,3
7759,2016-12-29,cold,Negative,1,4
7855,2016-12-29,cold,Negative,7,4
7856,2016-12-29,cold,Negative,7,4
7857,2016-12-29,cold,Negative,7,3
7858,2016-12-29,cold,Negative,3,3
7859,2016-12-29,cold,Negative,1,4
8000,2016-12-29,cold,Negative,7,4
8001,2016-12-29,cold,Negative,7,4
8002,2016-12-29,cold,Negative,7,3
8003,2016-12-29,cold,Negative,3,3
8004,2016-12-29,cold,Negative,1,4
8045,2016-12-29,cold,Negative,7,4
8046,2016-12-29,cold,Negative,7,4
8047,2016-12-29,cold,Negative,7,3
8048,2016-12-29,cold,Negative,3,3
8049,2016-12-29,cold,Negative,1,4
8140,2016-12-29,cold,Negative,7,4
8141,2016-12-29,cold,Negative,7,4
8142,2016-12-29,cold,Negative,7,3
8143,2016-12-29,cold,Negative,3,3
8144,2016-12-29,cold,Negative,1,4
8255,2016-12-29,cold,Negative,7,4
8256,2016-12-29,cold,Negative,7,4
8257,2016-12-29,cold,Negative,7,3
8258,2016-12-29,cold,Negative,3,3
8259,2016-12-29,cold,Negative,1,4
8275,2016-12-29,cold,Negative,7,4
8276,2016-12-29,cold,Negative,7,4
8277,2016-12-29,cold,Negative,7,3
8278,2016-12-29,cold,Negative,3,3
8279,2016-12-29,cold,Negative,1,4
8370,2016-12-29,cold,Negative,7,4
8371,2016-12-29,cold,Negative,7,4
8372,2016-12-29,cold,Negative,7,3
8373,2016-12-29,cold,Negative,3,3
8374,2016-12-29,cold,Negative,1,4
8460,2016-12-29,cold,Negative,7,4
8461,2016-12-29,cold,Negative,7,4
8462,2016-12-29,cold,Negative,7,3
8463,2016-12-29,cold,Negative,3,3
8464,2016-12-29,cold,Negative,1,4
8490,2016-12-29,cold,Negative,7,4
8491,2016-12-29,cold,Negative,7,4
8492,2016-12-29,cold,Negative,7,3
8493,2016-12-29,cold,Negative,3,3
8494,2016-12-29,cold,Negative,1,4
8690,2016-12-29,cold,Negative,7,4
8691,2016-12-29,cold,Negative,7,4
8692,2016-12-29,cold,Negative,7,3
8693,2016-12-29,cold,Negative,3,3
8694,2016-12-29,cold,Negative,1,4
8740,2016-12-29,cold,Negative,7,4
8741,2016-12-29,cold,Negative,7,4
8742,2016-12-29,cold,Negative,7,3
8743,2016-12-29,cold,Negative,3,3
8744,2016-12-29,cold,Negative,1,4
8775,2016-12-29,cold,Negative,7,4
8776,2016-12-29,cold,Negative,7,4
8777,2016-12-29,cold,Negative,7,3
8778,2016-12-29,cold,Negative,3,3
8779,2016-12-29,cold,Negative,1,4
8780,2016-12-29,cold,Negative,7,4
8781,2016-12-29,cold,Negative,7,4
8782,2016-12-29,cold,Negative,7,3
8783,2016-12-29,cold,Negative,3,3
8784,2016-12-29,cold,Negative,1,4
8890,2016-12-29,cold,Negative,7,4
8891,2016-12-29,cold,Negative,7,4
8892,2016-12-29,cold,Negative,7,3
8893,2016-12-29,cold,Negative,3,3
8894,2016-12-29,cold,Negative,1,4
8980,2016-12-29,cold,Negative,7,4
8981,2016-12-29,cold,Negative,7,4
8982,2016-12-29,cold,Negative,7,3
8983,2016-12-29,cold,Negative,3,3
8984,2016-12-29,cold,Negative,1,4
8995,2016-12-29,cold,Negative,7,4
8996,2016-12-29,cold,Negative,7,4
8997,2016-12-29,cold,Negative,7,3
8998,2016-12-29,cold,Negative,3,3
8999,2016-12-29,cold,Negative,1,4
9060,2016-12-29,cold,Negative,7,4
9061,2016-12-29,cold,Negative,7,4
9062,2016-12-29,cold,Negative,7,3
9063,2016-12-29,cold,Negative,3,3
9064,2016-12-29,cold,Negative,1,4
9080,2016-12-29,cold,Negative,7,4
9081,2016-12-29,cold,Negative,7,4
9082,2016-12-29,cold,Negative,7,3
9083,2016-12-29,cold,Negative,3,3
9084,2016-12-29,cold,Negative,1,4
9110,2016-12-29,cold,Negative,7,4
9111,2016-12-29,cold,Negative,7,4
9112,2016-12-29,cold,Negative,7,3
9113,2016-12-29,cold,Negative,3,3
9114,2016-12-29,cold,Negative,1,4
9140,2016-12-29,cold,Negative,7,4
9141,2016-12-29,cold,Negative,7,4
9142,2016-12-29,cold,Negative,7,3
9143,2016-12-29,cold,Negative,3,3
9144,2016-12-29,cold,Negative,1,4
9145,2016-12-29,cold,Negative,7,4
9146,2016-12-29,cold,Negative,7,4
9147,2016-12-29,cold,Negative,7,3
9148,2016-12-29,cold,Negative,3,3
9149,2016-12-29,cold,Negative,1,4
9165,2016-12-29,cold,Negative,7,4
9166,2016-12-29,cold,Negative,7,4
9167,2016-12-29,cold,Negative,7,3
9168,2016-12-29,cold,Negative,3,3
9169,2016-12-29,cold,Negative,1,4
9355,2016-12-29,cold,Negative,7,4
9356,2016-12-29,cold,Negative,7,4
9357,2016-12-29,cold,Negative,7,3
9358,2016-12-29,cold,Negative,3,3
9359,2016-12-29,cold,Negative,1,4
9375,2016-12-29,cold,Negative,7,4
9376,2016-12-29,cold,Negative,7,4
9377,2016-12-29,cold,Negative,7,3
9378,2016-12-29,cold,Negative,3,3
9379,2016-12-29,cold,Negative,1,4
9380,2016-12-29,cold,Negative,7,4
9381,2016-12-29,cold,Negative,7,4
9382,2016-12-29,cold,Negative,7,3
9383,2016-12-29,cold,Negative,3,3
9384,2016-12-29,cold,Negative,1,4
9400,2016-12-29,cold,Negative,7,4
9401,2016-12-29,cold,Negative,7,4
9402,2016-12-29,cold,Negative,7,3
9403,2016-12-29,cold,Negative,3,3
9404,2016-12-29,cold,Negative,1,4
9595,2016-12-29,cold,Negative,7,4
9596,2016-12-29,cold,Negative,7,4
9597,2016-12-29,cold,Negative,7,3
9598,2016-12-29,cold,Negative,3,3
9599,2016-12-29,cold,Negative,1,4
9675,2016-12-29,cold,Negative,7,4
9676,2016-12-29,cold,Negative,7,4
9677,2016-12-29,cold,Negative,7,3
9678,2016-12-29,cold,Negative,3,3
9679,2016-12-29,cold,Negative,1,4
9735,2016-12-29,cold,Negative,7,4
9736,2016-12-29,cold,Negative,7,4
9737,2016-12-29,cold,Negative,7,3
9738,2016-12-29,cold,Negative,3,3
9739,2016-12-29,cold,Negative,1,4
9875,2016-12-29,cold,Negative,7,4
9876,2016-12-29,cold,Negative,7,4
9877,2016-12-29,cold,Negative,7,3
9878,2016-12-29,cold,Negative,3,3
9879,2016-12-29,cold,Negative,1,4
9920,2016-12-29,cold,Negative,7,4
9921,2016-12-29,cold,Negative,7,4
9922,2016-12-29,cold,Negative,7,3
9923,2016-12-29,cold,Negative,3,3
9924,2016-12-29,cold,Negative,1,4
10135,2016-12-30,cold,Negative,5,2
10136,2016-12-30,cold,Negative,8,3
10137,2016-12-30,cold,Negative,8,4
10138,2016-12-30,cold,Negative,8,4
10139,2016-12-30,cold,Negative,5,2
10165,2016-12-30,cold,Negative,5,2
10166,2016-12-30,cold,Negative,8,3
10167,2016-12-30,cold,Negative,8,4
10168,2016-12-30,cold,Negative,8,4
10169,2016-12-30,cold,Negative,5,2
10255,2016-12-30,cold,Negative,5,2
10256,2016-12-30,cold,Negative,8,3
10257,2016-12-30,cold,Negative,8,4
10258,2016-12-30,cold,Negative,8,4
10259,2016-12-30,cold,Negative,5,2
10320,2016-12-30,cold,Negative,5,2
10321,2016-12-30,cold,Negative,8,3
10322,2016-12-30,cold,Negative,8,4
10323,2016-12-30,cold,Negative,8,4
10324,2016-12-30,cold,Negative,5,2
10475,2016-12-30,cold,Negative,5,2
10476,2016-12-30,cold,Negative,8,3
10477,2016-12-30,cold,Negative,8,4
10478,2016-12-30,cold,Negative,8,4
10479,2016-12-30,cold,Negative,5,2
10780,2016-12-30,cold,Negative,5,2
10781,2016-12-30,cold,Negative,8,3
10782,2016-12-30,cold,Negative,8,4
10783,2016-12-30,cold,Negative,8,4
10784,2016-12-30,cold,Negative,5,2
10845,2016-12-30,cold,Negative,5,2
10846,2016-12-30,cold,Negative,8,3
10847,2016-12-30,cold,Negative,8,4
10848,2016-12-30,cold,Negative,8,4
10849,2016-12-30,cold,Negative,5,2
10870,2016-12-30,cold,Negative,5,2
10871,2016-12-30,cold,Negative,8,3
10872,2016-12-30,cold,Negative,8,4
10873,2016-12-30,cold,Negative,8,4
10874,2016-12-30,cold,Negative,5,2
10945,2016-12-30,cold,Negative,5,2
10946,2016-12-30,cold,Negative,8,3
10947,2016-12-30,cold,Negative,8,4
10948,2016-12-30,cold,Negative,8,4
10949,2016-12-30,cold,Negative,5,2
11065,2016-12-30,cold,Negative,5,2
11066,2016-12-30,cold,Negative,8,3
11067,2016-12-30,cold,Negative,8,4
11068,2016-12-30,cold,Negative,8,4
11069,2016-12-30,cold,Negative,5,2
11255,2016-12-30,cold,Negative,5,2
11256,2016-12-30,cold,Negative,8,3
11257,2016-12-30,cold,Negative,8,4
11258,2016-12-30,cold,Negative,8,4
11259,2016-12-30,cold,Negative,5,2
11435,2016-12-30,cold,Negative,5,2
11436,2016-12-30,cold,Negative,8,3
11437,2016-12-30,cold,Negative,8,4
11438,2016-12-30,cold,Negative,8,4
11439,2016-12-30,cold,Negative,5,2
11605,2016-12-30,cold,Negative,5,2
11606,2016-12-30,cold,Negative,8,3
11607,2016-12-30,cold,Negative,8,4
11608,2016-12-30,cold,Negative,8,4
11609,2016-12-30,cold,Negative,5,2
11645,2016-12-30,cold,Negative,5,2
11646,2016-12-30,cold,Negative,8,3
11647,2016-12-30,cold,Negative,8,4
11648,2016-12-30,cold,Negative,8,4
11649,2016-12-30,cold,Negative,5,2
11775,2016-12-30,cold,Negative,5,2
11776,2016-12-30,cold,Negative,8,3
11777,2016-12-30,cold,Negative,8,4
11778,2016-12-30,cold,Negative,8,4
11779,2016-12-30,cold,Negative,5,2
11800,2016-12-30,cold,Negative,5,2
11801,2016-12-30,cold,Negative,8,3
11802,2016-12-30,cold,Negative,8,4
11803,2016-12-30,cold,Negative,8,4
11804,2016-12-30,cold,Negative,5,2
11830,2016-12-30,cold,Negative,5,2
11831,2016-12-30,cold,Negative,8,3
11832,2016-12-30,cold,Negative,8,4
11833,2016-12-30,cold,Negative,8,4
11834,2016-12-30,cold,Negative,5,2
11955,2016-12-30,cold,Negative,5,2
11956,2016-12-30,cold,Negative,8,3
11957,2016-12-30,cold,Negative,8,4
11958,2016-12-30,cold,Negative,8,4
11959,2016-12-30,cold,Negative,5,2
11965,2016-12-30,cold,Negative,5,2
11966,2016-12-30,cold,Negative,8,3
11967,2016-12-30,cold,Negative,8,4
11968,2016-12-30,cold,Negative,8,4
11969,2016-12-30,cold,Negative,5,2
12000,2016-12-30,cold,Negative,5,2
12001,2016-12-30,cold,Negative,8,3
12002,2016-12-30,cold,Negative,8,4
12003,2016-12-30,cold,Negative,8,4
12004,2016-12-30,cold,Negative,5,2
12075,2016-12-30,cold,Negative,5,2
12076,2016-12-30,cold,Negative,8,3
12077,2016-12-30,cold,Negative,8,4
12078,2016-12-30,cold,Negative,8,4
12079,2016-12-30,cold,Negative,5,2
12205,2016-12-30,cold,Negative,5,2
12206,2016-12-30,cold,Negative,8,3
12207,2016-12-30,cold,Negative,8,4
12208,2016-12-30,cold,Negative,8,4
12209,2016-12-30,cold,Negative,5,2
12225,2016-12-30,cold,Positive,5,2
12226,2016-12-30,cold,Positive,8,3
12227,2016-12-30,cold,Positive,8,4
12228,2016-12-30,cold,Positive,8,4
12229,2016-12-30,cold,Positive,5,2
12355,2016-12-30,cold,Negative,5,2
12356,2016-12-30,cold,Negative,8,3
12357,2016-12-30,cold,Negative,8,4
12358,2016-12-30,cold,Negative,8,4
12359,2016-12-30,cold,Negative,5,2
12425,2016-12-30,cold,Negative,5,2
12426,2016-12-30,cold,Negative,8,3
12427,2016-12-30,cold,Negative,8,4
12428,2016-12-30,cold,Negative,8,4
12429,2016-12-30,cold,Negative,5,2
12500,2016-12-30,cold,Negative,5,2
12501,2016-12-30,cold,Negative,8,3
12502,2016-12-30,cold,Negative,8,4
12503,2016-12-30,cold,Negative,8,4
12504,2016-12-30,cold,Negative,5,2
12560,2016-12-30,cold,Negative,5,2
12561,2016-12-30,cold,Negative,8,3
12562,2016-12-30,cold,Negative,8,4
12563,2016-12-30,cold,Negative,8,4
12564,2016-12-30,cold,Negative,5,2
12615,2016-12-30,cold,Positive,5,2
12616,2016-12-30,cold,Positive,8,3
12617,2016-12-30,cold,Positive,8,4
12618,2016-12-30,cold,Positive,8,4
12619,2016-12-30,cold,Positive,5,2
12630,2016-12-30,cold,Negative,5,2
12631,2016-12-30,cold,Negative,8,3
12632,2016-12-30,cold,Negative,8,4
12633,2016-12-30,cold,Negative,8,4
12634,2016-12-30,cold,Negative,5,2
12655,2016-12-30,cold,Negative,5,2
12656,2016-12-30,cold,Negative,8,3
12657,2016-12-30,cold,Negative,8,4
12658,2016-12-30,cold,Negative,8,4
12659,2016-12-30,cold,Negative,5,2
12685,2016-12-30,cold,Negative,5,2
12686,2016-12-30,cold,Negative,8,3
12687,2016-12-30,cold,Negative,8,4
12688,2016-12-30,cold,Negative,8,4
12689,2016-12-30,cold,Negative,5,2
12870,2016-12-30,cold,Negative,5,2
12871,2016-12-30,cold,Negative,8,3
12872,2016-12-30,cold,Negative,8,4
12873,2016-12-30,cold,Negative,8,4
12874,2016-12-30,cold,Negative,5,2
12875,2016-12-30,cold,Negative,5,2
12876,2016-12-30,cold,Negative,8,3
12877,2016-12-30,cold,Negative,8,4
12878,2016-12-30,cold,Negative,8,4
12879,2016-12-30,cold,Negative,5,2
12935,2016-12-30,cold,Negative,5,2
12936,2016-12-30,cold,Negative,8,3
12937,2016-12-30,cold,Negative,8,4
12938,2016-12-30,cold,Negative,8,4
12939,2016-12-30,cold,Negative,5,2
12985,2016-12-30,cold,Negative,5,2
12986,2016-12-30,cold,Negative,8,3
12987,2016-12-30,cold,Negative,8,4
12988,2016-12-30,cold,Negative,8,4
12989,2016-12-30,cold,Negative,5,2
13120,2016-12-30,cold,Positive,5,2
13121,2016-12-30,cold,Positive,8,3
13122,2016-12-30,cold,Positive,8,4
13123,2016-12-30,cold,Positive,8,4
13124,2016-12-30,cold,Positive,5,2
13220,2016-12-30,cold,Negative,5,2
13221,2016-12-30,cold,Negative,8,3
13222,2016-12-30,cold,Negative,8,4
13223,2016-12-30,cold,Negative,8,4
13224,2016-12-30,cold,Negative,5,2
13240,2016-12-30,cold,Negative,5,2
13241,2016-12-30,cold,Negative,8,3
13242,2016-12-30,cold,Negative,8,4
13243,2016-12-30,cold,Negative,8,4
13244,2016-12-30,cold,Negative,5,2
13380,2016-12-30,cold,Negative,5,2
13381,2016-12-30,cold,Negative,8,3
13382,2016-12-30,cold,Negative,8,4
13383,2016-12-30,cold,Negative,8,4
13384,2016-12-30,cold,Negative,5,2
13475,2016-12-30,cold,Negative,5,2
13476,2016-12-30,cold,Negative,8,3
13477,2016-12-30,cold,Negative,8,4
13478,2016-12-30,cold,Negative,8,4
13479,2016-12-30,cold,Negative,5,2
13490,2016-12-30,cold,Negative,5,2
13491,2016-12-30,cold,Negative,8,3
13492,2016-12-30,cold,Negative,8,4
13493,2016-12-30,cold,Negative,8,4
13494,2016-12-30,cold,Negative,5,2
13570,2016-12-30,cold,Negative,5,2
13571,2016-12-30,cold,Negative,8,3
13572,2016-12-30,cold,Negative,8,4
13573,2016-12-30,cold,Negative,8,4
13574,2016-12-30,cold,Negative,5,2
13590,2016-12-30,cold,Negative,5,2
13591,2016-12-30,cold,Negative,8,3
13592,2016-12-30,cold,Negative,8,4
13593,2016-12-30,cold,Negative,8,4
13594,2016-12-30,cold,Negative,5,2
13630,2016-12-30,cold,Negative,5,2
13631,2016-12-30,cold,Negative,8,3
13632,2016-12-30,cold,Negative,8,4
13633,2016-12-30,cold,Negative,8,4
13634,2016-12-30,cold,Negative,5,2
13635,2016-12-30,cold,Negative,5,2
13636,2016-12-30,cold,Negative,8,3
13637,2016-12-30,cold,Negative,8,4
13638,2016-12-30,cold,Negative,8,4
13639,2016-12-30,cold,Negative,5,2
13675,2016-12-30,cold,Negative,5,2
13676,2016-12-30,cold,Negative,8,3
13677,2016-12-30,cold,Negative,8,4
13678,2016-12-30,cold,Negative,8,4
13679,2016-12-30,cold,Negative,5,2
13785,2016-12-30,cold,Negative,5,2
13786,2016-12-30,cold,Negative,8,3
13787,2016-12-30,cold,Negative,8,4
13788,2016-12-30,cold,Negative,8,4
13789,2016-12-30,cold,Negative,5,2
13805,2016-12-30,cold,Negative,5,2
13806,2016-12-30,cold,Negative,8,3
13807,2016-12-30,cold,Negative,8,4
13808,2016-12-30,cold,Negative,8,4
13809,2016-12-30,cold,Negative,5,2
13845,2016-12-30,cold,Negative,5,2
13846,2016-12-30,cold,Negative,8,3
13847,2016-12-30,cold,Negative,8,4
13848,2016-12-30,cold,Negative,8,4
13849,2016-12-30,cold,Negative,5,2
13945,2016-12-30,cold,Positive,5,2
13946,2016-12-30,cold,Positive,8,3
13947,2016-12-30,cold,Positive,8,4
13948,2016-12-30,cold,Positive,8,4
13949,2016-12-30,cold,Positive,5,2
14020,2016-12-30,cold,Negative,5,2
14021,2016-12-30,cold,Negative,8,3
14022,2016-12-30,cold,Negative,8,4
14023,2016-12-30,cold,Negative,8,4
14024,2016-12-30,cold,Negative,5,2
14050,2016-12-30,cold,Negative,5,2
14051,2016-12-30,cold,Negative,8,3
14052,2016-12-30,cold,Negative,8,4
14053,2016-12-30,cold,Negative,8,4
14054,2016-12-30,cold,Negative,5,2
14215,2016-12-30,cold,Positive,5,2
14216,2016-12-30,cold,Positive,8,3
14217,2016-12-30,cold,Positive,8,4
14218,2016-12-30,cold,Positive,8,4
14219,2016-12-30,cold,Positive,5,2
14465,2016-12-30,cold,Negative,5,2
14466,2016-12-30,cold,Negative,8,3
14467,2016-12-30,cold,Negative,8,4
14468,2016-12-30,cold,Negative,8,4
14469,2016-12-30,cold,Negative,5,2
14565,2016-12-30,cold,Positive,5,2
14566,2016-12-30,cold,Positive,8,3
14567,2016-12-30,cold,Positive,8,4
14568,2016-12-30,cold,Positive,8,4
14569,2016-12-30,cold,Positive,5,2
14740,2016-12-30,cold,Negative,5,2
14741,2016-12-30,cold,Negative,8,3
14742,2016-12-30,cold,Negative,8,4
14743,2016-12-30,cold,Negative,8,4
14744,2016-12-30,cold,Negative,5,2
14755,2016-12-30,cold,Negative,5,2
14756,2016-12-30,cold,Negative,8,3
14757,2016-12-30,cold,Negative,8,4
14758,2016-12-30,cold,Negative,8,4
14759,2016-12-30,cold,Negative,5,2
14875,2016-12-30,cold,Negative,5,2
14876,2016-12-30,cold,Negative,8,3
14877,2016-12-30,cold,Negative,8,4
14878,2016-12-30,cold,Negative,8,4
14879,2016-12-30,cold,Negative,5,2
14890,2016-12-30,cold,Negative,5,2
14891,2016-12-30,cold,Negative,8,3
14892,2016-12-30,cold,Negative,8,4
14893,2016-12-30,cold,Negative,8,4
14894,2016-12-30,cold,Negative,5,2
14905,2016-12-30,cold,Positive,5,2
14906,2016-12-30,cold,Positive,8,3
14907,2016-12-30,cold,Positive,8,4
14908,2016-12-30,cold,Positive,8,4
14909,2016-12-30,cold,Positive,5,2
14925,2016-12-30,cold,Negative,5,2
14926,2016-12-30,cold,Negative,8,3
14927,2016-12-30,cold,Negative,8,4
14928,2016-12-30,cold,Negative,8,4
14929,2016-12-30,cold,Negative,5,2
14995,2016-12-30,cold,Negative,5,2
14996,2016-12-30,cold,Negative,8,3
14997,2016-12-30,cold,Negative,8,4
14998,2016-12-30,cold,Negative,8,4
14999,2016-12-30,cold,Negative,5,2
15005,2016-12-31,cold,Negative,8,6
15006,2016-12-31,cold,Negative,8,7
15007,2016-12-31,cold,Negative,8,6
15008,2016-12-31,cold,Negative,8,7
15009,2016-12-31,cold,Negative,8,6
15015,2016-12-31,cold,Negative,8,6
15016,2016-12-31,cold,Negative,8,7
15017,2016-12-31,cold,Negative,8,6
15018,2016-12-31,cold,Negative,8,7
15019,2016-12-31,cold,Negative,8,6
15035,2016-12-31,cold,Negative,8,6
15036,2016-12-31,cold,Negative,8,7
15037,2016-12-31,cold,Negative,8,6
15038,2016-12-31,cold,Negative,8,7
15039,2016-12-31,cold,Negative,8,6
15100,2016-12-31,cold,Negative,8,6
15101,2016-12-31,cold,Negative,8,7
15102,2016-12-31,cold,Negative,8,6
15103,2016-12-31,cold,Negative,8,7
15104,2016-12-31,cold,Negative,8,6
15105,2016-12-31,cold,Negative,8,6
15106,2016-12-31,cold,Negative,8,7
15107,2016-12-31,cold,Negative,8,6
15108,2016-12-31,cold,Negative,8,7
15109,2016-12-31,cold,Negative,8,6
15125,2016-12-31,cold,Negative,8,6
15126,2016-12-31,cold,Negative,8,7
15127,2016-12-31,cold,Negative,8,6
15128,2016-12-31,cold,Negative,8,7
15129,2016-12-31,cold,Negative,8,6
15160,2016-12-31,cold,Negative,8,6
15161,2016-12-31,cold,Negative,8,7
15162,2016-12-31,cold,Negative,8,6
15163,2016-12-31,cold,Negative,8,7
15164,2016-12-31,cold,Negative,8,6
15165,2016-12-31,cold,Negative,8,6
15166,2016-12-31,cold,Negative,8,7
15167,2016-12-31,cold,Negative,8,6
15168,2016-12-31,cold,Negative,8,7
15169,2016-12-31,cold,Negative,8,6
15175,2016-12-31,cold,Negative,8,6
15176,2016-12-31,cold,Negative,8,7
15177,2016-12-31,cold,Negative,8,6
15178,2016-12-31,cold,Negative,8,7
15179,2016-12-31,cold,Negative,8,6
15225,2016-12-31,cold,Negative,8,6
15226,2016-12-31,cold,Negative,8,7
15227,2016-12-31,cold,Negative,8,6
15228,2016-12-31,cold,Negative,8,7
15229,2016-12-31,cold,Negative,8,6
15245,2016-12-31,cold,Negative,8,6
15246,2016-12-31,cold,Negative,8,7
15247,2016-12-31,cold,Negative,8,6
15248,2016-12-31,cold,Negative,8,7
15249,2016-12-31,cold,Negative,8,6
15260,2016-12-31,cold,Negative,8,6
15261,2016-12-31,cold,Negative,8,7
15262,2016-12-31,cold,Negative,8,6
15263,2016-12-31,cold,Negative,8,7
15264,2016-12-31,cold,Negative,8,6
15270,2016-12-31,cold,Negative,8,6
15271,2016-12-31,cold,Negative,8,7
15272,2016-12-31,cold,Negative,8,6
15273,2016-12-31,cold,Negative,8,7
15274,2016-12-31,cold,Negative,8,6
15335,2016-12-31,cold,Negative,8,6
15336,2016-12-31,cold,Negative,8,7
15337,2016-12-31,cold,Negative,8,6
15338,2016-12-31,cold,Negative,8,7
15339,2016-12-31,cold,Negative,8,6
15390,2016-12-31,cold,Negative,8,6
15391,2016-12-31,cold,Negative,8,7
15392,2016-12-31,cold,Negative,8,6
15393,2016-12-31,cold,Negative,8,7
15394,2016-12-31,cold,Negative,8,6
15410,2016-12-31,cold,Negative,8,6
15411,2016-12-31,cold,Negative,8,7
15412,2016-12-31,cold,Negative,8,6
15413,2016-12-31,cold,Negative,8,7
15414,2016-12-31,cold,Negative,8,6
15505,2016-12-31,cold,Negative,8,6
15506,2016-12-31,cold,Negative,8,7
15507,2016-12-31,cold,Negative,8,6
15508,2016-12-31,cold,Negative,8,7
15509,2016-12-31,cold,Negative,8,6
15560,2016-12-31,cold,Negative,8,6
15561,2016-12-31,cold,Negative,8,7
15562,2016-12-31,cold,Negative,8,6
15563,2016-12-31,cold,Negative,8,7
15564,2016-12-31,cold,Negative,8,6
15565,2016-12-31,cold,Negative,8,6
15566,2016-12-31,cold,Negative,8,7
15567,2016-12-31,cold,Negative,8,6
15568,2016-12-31,cold,Negative,8,7
15569,2016-12-31,cold,Negative,8,6
15605,2016-12-31,cold,Negative,8,6
15606,2016-12-31,cold,Negative,8,7
15607,2016-12-31,cold,Negative,8,6
15608,2016-12-31,cold,Negative,8,7
15609,2016-12-31,cold,Negative,8,6
15620,2016-12-31,cold,Negative,8,6
15621,2016-12-31,cold,Negative,8,7
15622,2016-12-31,cold,Negative,8,6
15623,2016-12-31,cold,Negative,8,7
15624,2016-12-31,cold,Negative,8,6
15685,2016-12-31,cold,Negative,8,6
15686,2016-12-31,cold,Negative,8,7
15687,2016-12-31,cold,Negative,8,6
15688,2016-12-31,cold,Negative,8,7
15689,2016-12-31,cold,Negative,8,6
15735,2016-12-31,cold,Negative,8,6
15736,2016-12-31,cold,Negative,8,7
15737,2016-12-31,cold,Negative,8,6
15738,2016-12-31,cold,Negative,8,7
15739,2016-12-31,cold,Negative,8,6
15835,2016-12-31,cold,Negative,8,6
15836,2016-12-31,cold,Negative,8,7
15837,2016-12-31,cold,Negative,8,6
15838,2016-12-31,cold,Negative,8,7
15839,2016-12-31,cold,Negative,8,6
15865,2016-12-31,cold,Negative,8,6
15866,2016-12-31,cold,Negative,8,7
15867,2016-12-31,cold,Negative,8,6
15868,2016-12-31,cold,Negative,8,7
15869,2016-12-31,cold,Negative,8,6
15885,2016-12-31,cold,Negative,8,6
15886,2016-12-31,cold,Negative,8,7
15887,2016-12-31,cold,Negative,8,6
15888,2016-12-31,cold,Negative,8,7
15889,2016-12-31,cold,Negative,8,6
15895,2016-12-31,cold,Positive,8,6
15896,2016-12-31,cold,Positive,8,7
15897,2016-12-31,cold,Positive,8,6
15898,2016-12-31,cold,Positive,8,7
15899,2016-12-31,cold,Positive,8,6
15985,2016-12-31,cold,Negative,8,6
15986,2016-12-31,cold,Negative,8,7
15987,2016-12-31,cold,Negative,8,6
15988,2016-12-31,cold,Negative,8,7
15989,2016-12-31,cold,Negative,8,6
16080,2016-12-31,cold,Negative,8,6
16081,2016-12-31,cold,Negative,8,7
16082,2016-12-31,cold,Negative,8,6
16083,2016-12-31,cold,Negative,8,7
16084,2016-12-31,cold,Negative,8,6
16095,2016-12-31,cold,Negative,8,6
16096,2016-12-31,cold,Negative,8,7
16097,2016-12-31,cold,Negative,8,6
16098,2016-12-31,cold,Negative,8,7
16099,2016-12-31,cold,Negative,8,6
16270,2016-12-31,cold,Positive,8,6
16271,2016-12-31,cold,Positive,8,7
16272,2016-12-31,cold,Positive,8,6
16273,2016-12-31,cold,Positive,8,7
16274,2016-12-31,cold,Positive,8,6
16285,2016-12-31,cold,Negative,8,6
16286,2016-12-31,cold,Negative,8,7
16287,2016-12-31,cold,Negative,8,6
16288,2016-12-31,cold,Negative,8,7
16289,2016-12-31,cold,Negative,8,6
17125,2016-12-31,cold,Negative,8,6
17126,2016-12-31,cold,Negative,8,7
17127,2016-12-31,cold,Negative,8,6
17128,2016-12-31,cold,Negative,8,7
17129,2016-12-31,cold,Negative,8,6
17420,2016-12-31,cold,Positive,8,6
17421,2016-12-31,cold,Positive,8,7
17422,2016-12-31,cold,Positive,8,6
17423,2016-12-31,cold,Positive,8,7
17424,2016-12-31,cold,Positive,8,6
17440,2016-12-31,cold,Negative,8,6
17441,2016-12-31,cold,Negative,8,7
17442,2016-12-31,cold,Negative,8,6
17443,2016-12-31,cold,Negative,8,7
17444,2016-12-31,cold,Negative,8,6
17470,2016-12-31,cold,Negative,8,6
17471,2016-12-31,cold,Negative,8,7
17472,2016-12-31,cold,Negative,8,6
17473,2016-12-31,cold,Negative,8,7
17474,2016-12-31,cold,Negative,8,6
17520,2016-12-31,cold,Negative,8,6
17521,2016-12-31,cold,Negative,8,7
17522,2016-12-31,cold,Negative,8,6
17523,2016-12-31,cold,Negative,8,7
17524,2016-12-31,cold,Negative,8,6
17545,2016-12-31,hot,Negative,8,6
17546,2016-12-31,hot,Negative,8,7
17547,2016-12-31,hot,Negative,8,6
17548,2016-12-31,hot,Negative,8,7
17549,2016-12-31,hot,Negative,8,6
17625,2016-12-31,cold,Negative,8,6
17626,2016-12-31,cold,Negative,8,7
17627,2016-12-31,cold,Negative,8,6
17628,2016-12-31,cold,Negative,8,7
17629,2016-12-31,cold,Negative,8,6
17725,2016-12-31,cold,Negative,8,6
17726,2016-12-31,cold,Negative,8,7
17727,2016-12-31,cold,Negative,8,6
17728,2016-12-31,cold,Negative,8,7
17729,2016-12-31,cold,Negative,8,6
17735,2016-12-31,cold,Negative,8,6
17736,2016-12-31,cold,Negative,8,7
17737,2016-12-31,cold,Negative,8,6
17738,2016-12-31,cold,Negative,8,7
17739,2016-12-31,cold,Negative,8,6
17745,2016-12-31,cold,Negative,8,6
17746,2016-12-31,cold,Negative,8,7
17747,2016-12-31,cold,Negative,8,6
17748,2016-12-31,cold,Negative,8,7
17749,2016-12-31,cold,Negative,8,6
17750,2016-12-31,cold,Negative,8,6
17751,2016-12-31,cold,Negative,8,7
17752,2016-12-31,cold,Negative,8,6
17753,2016-12-31,cold,Negative,8,7
17754,2016-12-31,cold,Negative,8,6
18155,2016-12-31,cold,Negative,8,6
18156,2016-12-31,cold,Negative,8,7
18157,2016-12-31,cold,Negative,8,6
18158,2016-12-31,cold,Negative,8,7
18159,2016-12-31,cold,Negative,8,6
18235,2016-12-31,cold,Positive,8,6
18236,2016-12-31,cold,Positive,8,7
18237,2016-12-31,cold,Positive,8,6
18238,2016-12-31,cold,Positive,8,7
18239,2016-12-31,cold,Positive,8,6
18270,2016-12-31,cold,Negative,8,6
18271,2016-12-31,cold,Negative,8,7
18272,2016-12-31,cold,Negative,8,6
18273,2016-12-31,cold,Negative,8,7
18274,2016-12-31,cold,Negative,8,6
18290,2016-12-31,cold,Negative,8,6
18291,2016-12-31,cold,Negative,8,7
18292,2016-12-31,cold,Negative,8,6
18293,2016-12-31,cold,Negative,8,7
18294,2016-12-31,cold,Negative,8,6
18350,2016-12-31,cold,Negative,8,6
18351,2016-12-31,cold,Negative,8,7
18352,2016-12-31,cold,Negative,8,6
18353,2016-12-31,cold,Negative,8,7
18354,2016-12-31,cold,Negative,8,6
18395,2016-12-31,cold,Negative,8,6
18396,2016-12-31,cold,Negative,8,7
18397,2016-12-31,cold,Negative,8,6
18398,2016-12-31,cold,Negative,8,7
18399,2016-12-31,cold,Negative,8,6
18460,2016-12-31,cold,Negative,8,6
18461,2016-12-31,cold,Negative,8,7
18462,2016-12-31,cold,Negative,8,6
18463,2016-12-31,cold,Negative,8,7
18464,2016-12-31,cold,Negative,8,6
18465,2016-12-31,cold,Negative,8,6
18466,2016-12-31,cold,Negative,8,7
18467,2016-12-31,cold,Negative,8,6
18468,2016-12-31,cold,Negative,8,7
18469,2016-12-31,cold,Negative,8,6
18490,2016-12-31,cold,Negative,8,6
18491,2016-12-31,cold,Negative,8,7
18492,2016-12-31,cold,Negative,8,6
18493,2016-12-31,cold,Negative,8,7
18494,2016-12-31,cold,Negative,8,6
18535,2016-12-31,cold,Negative,8,6
18536,2016-12-31,cold,Negative,8,7
18537,2016-12-31,cold,Negative,8,6
18538,2016-12-31,cold,Negative,8,7
18539,2016-12-31,cold,Negative,8,6
18575,2016-12-31,cold,Negative,8,6
18576,2016-12-31,cold,Negative,8,7
18577,2016-12-31,cold,Negative,8,6
18578,2016-12-31,cold,Negative,8,7
18579,2016-12-31,cold,Negative,8,6
18620,2016-12-31,cold,Negative,8,6
18621,2016-12-31,cold,Negative,8,7
18622,2016-12-31,cold,Negative,8,6
18623,2016-12-31,cold,Negative,8,7
18624,2016-12-31,cold,Negative,8,6
18650,2016-12-31,cold,Negative,8,6
18651,2016-12-31,cold,Negative,8,7
18652,2016-12-31,cold,Negative,8,6
18653,2016-12-31,cold,Negative,8,7
18654,2016-12-31,cold,Negative,8,6
18895,2016-12-31,cold,Negative,8,6
18896,2016-12-31,cold,Negative,8,7
18897,2016-12-31,cold,Negative,8,6
18898,2016-12-31,cold,Negative,8,7
18899,2016-12-31,cold,Negative,8,6
18965,2016-12-31,cold,Negative,8,6
18966,2016-12-31,cold,Negative,8,7
18967,2016-12-31,cold,Negative,8,6
18968,2016-12-31,cold,Negative,8,7
18969,2016-12-31,cold,Negative,8,6
19000,2016-12-31,cold,Negative,8,6
19001,2016-12-31,cold,Negative,8,7
19002,2016-12-31,cold,Negative,8,6
19003,2016-12-31,cold,Negative,8,7
19004,2016-12-31,cold,Negative,8,6
19010,2016-12-31,cold,Negative,8,6
19011,2016-12-31,cold,Negative,8,7
19012,2016-12-31,cold,Negative,8,6
19013,2016-12-31,cold,Negative,8,7
19014,2016-12-31,cold,Negative,8,6
19155,2016-12-31,cold,Negative,8,6
19156,2016-12-31,cold,Negative,8,7
19157,2016-12-31,cold,Negative,8,6
19158,2016-12-31,cold,Negative,8,7
19159,2016-12-31,cold,Negative,8,6
19225,2016-12-31,cold,Negative,8,6
19226,2016-12-31,cold,Negative,8,7
19227,2016-12-31,cold,Negative,8,6
19228,2016-12-31,cold,Negative,8,7
19229,2016-12-31,cold,Negative,8,6
19245,2016-12-31,cold,Negative,8,6
19246,2016-12-31,cold,Negative,8,7
19247,2016-12-31,cold,Negative,8,6
19248,2016-12-31,cold,Negative,8,7
19249,2016-12-31,cold,Negative,8,6
19480,2016-12-31,cold,Negative,8,6
19481,2016-12-31,cold,Negative,8,7
19482,2016-12-31,cold,Negative,8,6
19483,2016-12-31,cold,Negative,8,7
19484,2016-12-31,cold,Negative,8,6
19510,2016-12-31,cold,Negative,8,6
19511,2016-12-31,cold,Negative,8,7
19512,2016-12-31,cold,Negative,8,6
19513,2016-12-31,cold,Negative,8,7
19514,2016-12-31,cold,Negative,8,6
19515,2016-12-31,cold,Negative,8,6
19516,2016-12-31,cold,Negative,8,7
19517,2016-12-31,cold,Negative,8,6
19518,2016-12-31,cold,Negative,8,7
19519,2016-12-31,cold,Negative,8,6
19520,2016-12-31,cold,Negative,8,6
19521,2016-12-31,cold,Negative,8,7
19522,2016-12-31,cold,Negative,8,6
19523,2016-12-31,cold,Negative,8,7
19524,2016-12-31,cold,Negative,8,6
19575,2016-12-31,cold,Negative,8,6
19576,2016-12-31,cold,Negative,8,7
19577,2016-12-31,cold,Negative,8,6
19578,2016-12-31,cold,Negative,8,7
19579,2016-12-31,cold,Negative,8,6
19785,2016-12-31,cold,Negative,8,6
19786,2016-12-31,cold,Negative,8,7
19787,2016-12-31,cold,Negative,8,6
19788,2016-12-31,cold,Negative,8,7
19789,2016-12-31,cold,Negative,8,6
19815,2016-12-31,cold,Negative,8,6
19816,2016-12-31,cold,Negative,8,7
19817,2016-12-31,cold,Negative,8,6
19818,2016-12-31,cold,Negative,8,7
19819,2016-12-31,cold,Negative,8,6
20000,2017-01-01,cold,Negative,12,4
20001,2017-01-01,cold,Negative,12,5
20002,2017-01-01,cold,Negative,15,5
20003,2017-01-01,cold,Negative,12,7
20004,2017-01-01,cold,Negative,15,6
20235,2017-01-01,cold,Negative,12,4
20236,2017-01-01,cold,Negative,12,5
20237,2017-01-01,cold,Negative,15,5
20238,2017-01-01,cold,Negative,12,7
20239,2017-01-01,cold,Negative,15,6
20265,2017-01-01,cold,Negative,12,4
20266,2017-01-01,cold,Negative,12,5
20267,2017-01-01,cold,Negative,15,5
20268,2017-01-01,cold,Negative,12,7
20269,2017-01-01,cold,Negative,15,6
20295,2017-01-01,cold,Negative,12,4
20296,2017-01-01,cold,Negative,12,5
20297,2017-01-01,cold,Negative,15,5
20298,2017-01-01,cold,Negative,12,7
20299,2017-01-01,cold,Negative,15,6
20460,2017-01-01,cold,Negative,12,4
20461,2017-01-01,cold,Negative,12,5
20462,2017-01-01,cold,Negative,15,5
20463,2017-01-01,cold,Negative,12,7
20464,2017-01-01,cold,Negative,15,6
20480,2017-01-01,cold,Negative,12,4
20481,2017-01-01,cold,Negative,12,5
20482,2017-01-01,cold,Negative,15,5
20483,2017-01-01,cold,Negative,12,7
20484,2017-01-01,cold,Negative,15,6
20640,2017-01-01,cold,Negative,12,4
20641,2017-01-01,cold,Negative,12,5
20642,2017-01-01,cold,Negative,15,5
20643,2017-01-01,cold,Negative,12,7
20644,2017-01-01,cold,Negative,15,6
20720,2017-01-01,cold,Negative,12,4
20721,2017-01-01,cold,Negative,12,5
20722,2017-01-01,cold,Negative,15,5
20723,2017-01-01,cold,Negative,12,7
20724,2017-01-01,cold,Negative,15,6
20805,2017-01-01,cold,Negative,12,4
20806,2017-01-01,cold,Negative,12,5
20807,2017-01-01,cold,Negative,15,5
20808,2017-01-01,cold,Negative,12,7
20809,2017-01-01,cold,Negative,15,6
20980,2017-01-01,cold,Negative,12,4
20981,2017-01-01,cold,Negative,12,5
20982,2017-01-01,cold,Negative,15,5
20983,2017-01-01,cold,Negative,12,7
20984,2017-01-01,cold,Negative,15,6
21000,2017-01-01,cold,Negative,12,4
21001,2017-01-01,cold,Negative,12,5
21002,2017-01-01,cold,Negative,15,5
21003,2017-01-01,cold,Negative,12,7
21004,2017-01-01,cold,Negative,15,6
21070,2017-01-01,cold,Negative,12,4
21071,2017-01-01,cold,Negative,12,5
21072,2017-01-01,cold,Negative,15,5
21073,2017-01-01,cold,Negative,12,7
21074,2017-01-01,cold,Negative,15,6
21415,2017-01-01,cold,Negative,12,4
21416,2017-01-01,cold,Negative,12,5
21417,2017-01-01,cold,Negative,15,5
21418,2017-01-01,cold,Negative,12,7
21419,2017-01-01,cold,Negative,15,6
21500,2017-01-01,cold,Negative,12,4
21501,2017-01-01,cold,Negative,12,5
21502,2017-01-01,cold,Negative,15,5
21503,2017-01-01,cold,Negative,12,7
21504,2017-01-01,cold,Negative,15,6
21540,2017-01-01,cold,Negative,12,4
21541,2017-01-01,cold,Negative,12,5
21542,2017-01-01,cold,Negative,15,5
21543,2017-01-01,cold,Negative,12,7
21544,2017-01-01,cold,Negative,15,6
21560,2017-01-01,cold,Negative,12,4
21561,2017-01-01,cold,Negative,12,5
21562,2017-01-01,cold,Negative,15,5
21563,2017-01-01,cold,Negative,12,7
21564,2017-01-01,cold,Negative,15,6
21575,2017-01-01,cold,Negative,12,4
21576,2017-01-01,cold,Negative,12,5
21577,2017-01-01,cold,Negative,15,5
21578,2017-01-01,cold,Negative,12,7
21579,2017-01-01,cold,Negative,15,6
21590,2017-01-01,cold,Positive,12,4
21591,2017-01-01,cold,Positive,12,5
21592,2017-01-01,cold,Positive,15,5
21593,2017-01-01,cold,Positive,12,7
21594,2017-01-01,cold,Positive,15,6
21715,2017-01-01,cold,Negative,12,4
21716,2017-01-01,cold,Negative,12,5
21717,2017-01-01,cold,Negative,15,5
21718,2017-01-01,cold,Negative,12,7
21719,2017-01-01,cold,Negative,15,6
21735,2017-01-01,cold,Negative,12,4
21736,2017-01-01,cold,Negative,12,5
21737,2017-01-01,cold,Negative,15,5
21738,2017-01-01,cold,Negative,12,7
21739,2017-01-01,cold,Negative,15,6
21800,2017-01-01,cold,Negative,12,4
21801,2017-01-01,cold,Negative,12,5
21802,2017-01-01,cold,Negative,15,5
21803,2017-01-01,cold,Negative,12,7
21804,2017-01-01,cold,Negative,15,6
21805,2017-01-01,cold,Negative,12,4
21806,2017-01-01,cold,Negative,12,5
21807,2017-01-01,cold,Negative,15,5
21808,2017-01-01,cold,Negative,12,7
21809,2017-01-01,cold,Negative,15,6
21875,2017-01-01,cold,Negative,12,4
21876,2017-01-01,cold,Negative,12,5
21877,2017-01-01,cold,Negative,15,5
21878,2017-01-01,cold,Negative,12,7
21879,2017-01-01,cold,Negative,15,6
21955,2017-01-01,cold,Negative,12,4
21956,2017-01-01,cold,Negative,12,5
21957,2017-01-01,cold,Negative,15,5
21958,2017-01-01,cold,Negative,12,7
21959,2017-01-01,cold,Negative,15,6
21985,2017-01-01,cold,Positive,12,4
21986,2017-01-01,cold,Positive,12,5
21987,2017-01-01,cold,Positive,15,5
21988,2017-01-01,cold,Positive,12,7
21989,2017-01-01,cold,Positive,15,6
22165,2017-01-01,cold,Negative,12,4
22166,2017-01-01,cold,Negative,12,5
22167,2017-01-01,cold,Negative,15,5
22168,2017-01-01,cold,Negative,12,7
22169,2017-01-01,cold,Negative,15,6
22170,2017-01-01,cold,Negative,12,4
22171,2017-01-01,cold,Negative,12,5
22172,2017-01-01,cold,Negative,15,5
22173,2017-01-01,cold,Negative,12,7
22174,2017-01-01,cold,Negative,15,6
22300,2017-01-01,cold,Positive,12,4
22301,2017-01-01,cold,Positive,12,5
22302,2017-01-01,cold,Positive,15,5
22303,2017-01-01,cold,Positive,12,7
22304,2017-01-01,cold,Positive,15,6
22360,2017-01-01,cold,Negative,12,4
22361,2017-01-01,cold,Negative,12,5
22362,2017-01-01,cold,Negative,15,5
22363,2017-01-01,cold,Negative,12,7
22364,2017-01-01,cold,Negative,15,6
22425,2017-01-01,cold,Negative,12,4
22426,2017-01-01,cold,Negative,12,5
22427,2017-01-01,cold,Negative,15,5
22428,2017-01-01,cold,Negative,12,7
22429,2017-01-01,cold,Negative,15,6
22445,2017-01-01,cold,Negative,12,4
22446,2017-01-01,cold,Negative,12,5
22447,2017-01-01,cold,Negative,15,5
22448,2017-01-01,cold,Negative,12,7
22449,2017-01-01,cold,Negative,15,6
22520,2017-01-01,cold,Negative,12,4
22521,2017-01-01,cold,Negative,12,5
22522,2017-01-01,cold,Negative,15,5
22523,2017-01-01,cold,Negative,12,7
22524,2017-01-01,cold,Negative,15,6
22645,2017-01-01,cold,Negative,12,4
22646,2017-01-01,cold,Negative,12,5
22647,2017-01-01,cold,Negative,15,5
22648,2017-01-01,cold,Negative,12,7
22649,2017-01-01,cold,Negative,15,6
22980,2017-01-01,cold,Positive,12,4
22981,2017-01-01,cold,Positive,12,5
22982,2017-01-01,cold,Positive,15,5
22983,2017-01-01,cold,Positive,12,7
22984,2017-01-01,cold,Positive,15,6
23040,2017-01-01,cold,Negative,12,4
23041,2017-01-01,cold,Negative,12,5
23042,2017-01-01,cold,Negative,15,5
23043,2017-01-01,cold,Negative,12,7
23044,2017-01-01,cold,Negative,15,6
23070,2017-01-01,cold,Negative,12,4
23071,2017-01-01,cold,Negative,12,5
23072,2017-01-01,cold,Negative,15,5
23073,2017-01-01,cold,Negative,12,7
23074,2017-01-01,cold,Negative,15,6
23075,2017-01-01,cold,Negative,12,4
23076,2017-01-01,cold,Negative,12,5
23077,2017-01-01,cold,Negative,15,5
23078,2017-01-01,cold,Negative,12,7
23079,2017-01-01,cold,Negative,15,6
23085,2017-01-01,cold,Negative,12,4
23086,2017-01-01,cold,Negative,12,5
23087,2017-01-01,cold,Negative,15,5
23088,2017-01-01,cold,Negative,12,7
23089,2017-01-01,cold,Negative,15,6
23100,2017-01-01,cold,Negative,12,4
23101,2017-01-01,cold,Negative,12,5
23102,2017-01-01,cold,Negative,15,5
23103,2017-01-01,cold,Negative,12,7
23104,2017-01-01,cold,Negative,15,6
23145,2017-01-01,cold,Negative,12,4
23146,2017-01-01,cold,Negative,12,5
23147,2017-01-01,cold,Negative,15,5
23148,2017-01-01,cold,Negative,12,7
23149,2017-01-01,cold,Negative,15,6
23165,2017-01-01,cold,Negative,12,4
23166,2017-01-01,cold,Negative,12,5
23167,2017-01-01,cold,Negative,15,5
23168,2017-01-01,cold,Negative,12,7
23169,2017-01-01,cold,Negative,15,6
23200,2017-01-01,cold,Negative,12,4
23201,2017-01-01,cold,Negative,12,5
23202,2017-01-01,cold,Negative,15,5
23203,2017-01-01,cold,Negative,12,7
23204,2017-01-01,cold,Negative,15,6
23230,2017-01-01,cold,Negative,12,4
23231,2017-01-01,cold,Negative,12,5
23232,2017-01-01,cold,Negative,15,5
23233,2017-01-01,cold,Negative,12,7
23234,2017-01-01,cold,Negative,15,6
23255,2017-01-01,cold,Negative,12,4
23256,2017-01-01,cold,Negative,12,5
23257,2017-01-01,cold,Negative,15,5
23258,2017-01-01,cold,Negative,12,7
23259,2017-01-01,cold,Negative,15,6
23265,2017-01-01,cold,Negative,12,4
23266,2017-01-01,cold,Negative,12,5
23267,2017-01-01,cold,Negative,15,5
23268,2017-01-01,cold,Negative,12,7
23269,2017-01-01,cold,Negative,15,6
23285,2017-01-01,cold,Negative,12,4
23286,2017-01-01,cold,Negative,12,5
23287,2017-01-01,cold,Negative,15,5
23288,2017-01-01,cold,Negative,12,7
23289,2017-01-01,cold,Negative,15,6
23305,2017-01-01,cold,Negative,12,4
23306,2017-01-01,cold,Negative,12,5
23307,2017-01-01,cold,Negative,15,5
23308,2017-01-01,cold,Negative,12,7
23309,2017-01-01,cold,Negative,15,6
23310,2017-01-01,cold,Negative,12,4
23311,2017-01-01,cold,Negative,12,5
23312,2017-01-01,cold,Negative,15,5
23313,2017-01-01,cold,Negative,12,7
23314,2017-01-01,cold,Negative,15,6
23340,2017-01-01,cold,Negative,12,4
23341,2017-01-01,cold,Negative,12,5
23342,2017-01-01,cold,Negative,15,5
23343,2017-01-01,cold,Negative,12,7
23344,2017-01-01,cold,Negative,15,6
23495,2017-01-01,cold,Negative,12,4
23496,2017-01-01,cold,Negative,12,5
23497,2017-01-01,cold,Negative,15,5
23498,2017-01-01,cold,Negative,12,7
23499,2017-01-01,cold,Negative,15,6
23505,2017-01-01,cold,Negative,12,4
23506,2017-01-01,cold,Negative,12,5
23507,2017-01-01,cold,Negative,15,5
23508,2017-01-01,cold,Negative,12,7
23509,2017-01-01,cold,Negative,15,6
23550,2017-01-01,cold,Negative,12,4
23551,2017-01-01,cold,Negative,12,5
23552,2017-01-01,cold,Negative,15,5
23553,2017-01-01,cold,Negative,12,7
23554,2017-01-01,cold,Negative,15,6
23570,2017-01-01,hot,Negative,12,4
23571,2017-01-01,hot,Negative,12,5
23572,2017-01-01,hot,Negative,15,5
23573,2017-01-01,hot,Negative,12,7
23574,2017-01-01,hot,Negative,15,6
23575,2017-01-01,cold,Positive,12,4
23576,2017-01-01,cold,Positive,12,5
23577,2017-01-01,cold,Positive,15,5
23578,2017-01-01,cold,Positive,12,7
23579,2017-01-01,cold,Positive,15,6
23600,2017-01-01,cold,Negative,12,4
23601,2017-01-01,cold,Negative,12,5
23602,2017-01-01,cold,Negative,15,5
23603,2017-01-01,cold,Negative,12,7
23604,2017-01-01,cold,Negative,15,6
23615,2017-01-01,cold,Negative,12,4
23616,2017-01-01,cold,Negative,12,5
23617,2017-01-01,cold,Negative,15,5
23618,2017-01-01,cold,Negative,12,7
23619,2017-01-01,cold,Negative,15,6
23665,2017-01-01,cold,Negative,12,4
23666,2017-01-01,cold,Negative,12,5
23667,2017-01-01,cold,Negative,15,5
23668,2017-01-01,cold,Negative,12,7
23669,2017-01-01,cold,Negative,15,6
23695,2017-01-01,cold,Negative,12,4
23696,2017-01-01,cold,Negative,12,5
23697,2017-01-01,cold,Negative,15,5
23698,2017-01-01,cold,Negative,12,7
23699,2017-01-01,cold,Negative,15,6
23720,2017-01-01,cold,Negative,12,4
23721,2017-01-01,cold,Negative,12,5
23722,2017-01-01,cold,Negative,15,5
23723,2017-01-01,cold,Negative,12,7
23724,2017-01-01,cold,Negative,15,6
23725,2017-01-01,cold,Positive,12,4
23726,2017-01-01,cold,Positive,12,5
23727,2017-01-01,cold,Positive,15,5
23728,2017-01-01,cold,Positive,12,7
23729,2017-01-01,cold,Positive,15,6
23750,2017-01-01,cold,Negative,12,4
23751,2017-01-01,cold,Negative,12,5
23752,2017-01-01,cold,Negative,15,5
23753,2017-01-01,cold,Negative,12,7
23754,2017-01-01,cold,Negative,15,6
23830,2017-01-01,cold,Negative,12,4
23831,2017-01-01,cold,Negative,12,5
23832,2017-01-01,cold,Negative,15,5
23833,2017-01-01,cold,Negative,12,7
23834,2017-01-01,cold,Negative,15,6
23930,2017-01-01,cold,Negative,12,4
23931,2017-01-01,cold,Negative,12,5
23932,2017-01-01,cold,Negative,15,5
23933,2017-01-01,cold,Negative,12,7
23934,2017-01-01,cold,Negative,15,6
24010,2017-01-01,cold,Negative,12,4
24011,2017-01-01,cold,Negative,12,5
24012,2017-01-01,cold,Negative,15,5
24013,2017-01-01,cold,Negative,12,7
24014,2017-01-01,cold,Negative,15,6
24050,2017-01-01,cold,Negative,12,4
24051,2017-01-01,cold,Negative,12,5
24052,2017-01-01,cold,Negative,15,5
24053,2017-01-01,cold,Negative,12,7
24054,2017-01-01,cold,Negative,15,6
24135,2017-01-01,cold,Negative,12,4
24136,2017-01-01,cold,Negative,12,5
24137,2017-01-01,cold,Negative,15,5
24138,2017-01-01,cold,Negative,12,7
24139,2017-01-01,cold,Negative,15,6
24150,2017-01-01,cold,Negative,12,4
24151,2017-01-01,cold,Negative,12,5
24152,2017-01-01,cold,Negative,15,5
24153,2017-01-01,cold,Negative,12,7
24154,2017-01-01,cold,Negative,15,6
24175,2017-01-01,cold,Negative,12,4
24176,2017-01-01,cold,Negative,12,5
24177,2017-01-01,cold,Negative,15,5
24178,2017-01-01,cold,Negative,12,7
24179,2017-01-01,cold,Negative,15,6
24190,2017-01-01,cold,Negative,12,4
24191,2017-01-01,cold,Negative,12,5
24192,2017-01-01,cold,Negative,15,5
24193,2017-01-01,cold,Negative,12,7
24194,2017-01-01,cold,Negative,15,6
24235,2017-01-01,cold,Negative,12,4
24236,2017-01-01,cold,Negative,12,5
24237,2017-01-01,cold,Negative,15,5
24238,2017-01-01,cold,Negative,12,7
24239,2017-01-01,cold,Negative,15,6
24310,2017-01-01,cold,Negative,12,4
24311,2017-01-01,cold,Negative,12,5
24312,2017-01-01,cold,Negative,15,5
24313,2017-01-01,cold,Negative,12,7
24314,2017-01-01,cold,Negative,15,6
24315,2017-01-01,cold,Negative,12,4
24316,2017-01-01,cold,Negative,12,5
24317,2017-01-01,cold,Negative,15,5
24318,2017-01-01,cold,Negative,12,7
24319,2017-01-01,cold,Negative,15,6
24435,2017-01-01,cold,Negative,12,4
24436,2017-01-01,cold,Negative,12,5
24437,2017-01-01,cold,Negative,15,5
24438,2017-01-01,cold,Negative,12,7
24439,2017-01-01,cold,Negative,15,6
24470,2017-01-01,cold,Negative,12,4
24471,2017-01-01,cold,Negative,12,5
24472,2017-01-01,cold,Negative,15,5
24473,2017-01-01,cold,Negative,12,7
24474,2017-01-01,cold,Negative,15,6
24505,2017-01-01,cold,Negative,12,4
24506,2017-01-01,cold,Negative,12,5
24507,2017-01-01,cold,Negative,15,5
24508,2017-01-01,cold,Negative,12,7
24509,2017-01-01,cold,Negative,15,6
24550,2017-01-01,cold,Negative,12,4
24551,2017-01-01,cold,Negative,12,5
24552,2017-01-01,cold,Negative,15,5
24553,2017-01-01,cold,Negative,12,7
24554,2017-01-01,cold,Negative,15,6
24555,2017-01-01,cold,Negative,12,4
24556,2017-01-01,cold,Negative,12,5
24557,2017-01-01,cold,Negative,15,5
24558,2017-01-01,cold,Negative,12,7
24559,2017-01-01,cold,Negative,15,6
24575,2017-01-01,cold,Negative,12,4
24576,2017-01-01,cold,Negative,12,5
24577,2017-01-01,cold,Negative,15,5
24578,2017-01-01,cold,Negative,12,7
24579,2017-01-01,cold,Negative,15,6
24600,2017-01-01,cold,Negative,12,4
24601,2017-01-01,cold,Negative,12,5
24602,2017-01-01,cold,Negative,15,5
24603,2017-01-01,cold,Negative,12,7
24604,2017-01-01,cold,Negative,15,6
24640,2017-01-01,cold,Negative,12,4
24641,2017-01-01,cold,Negative,12,5
24642,2017-01-01,cold,Negative,15,5
24643,2017-01-01,cold,Negative,12,7
24644,2017-01-01,cold,Negative,15,6
24670,2017-01-01,cold,Negative,12,4
24671,2017-01-01,cold,Negative,12,5
24672,2017-01-01,cold,Negative,15,5
24673,2017-01-01,cold,Negative,12,7
24674,2017-01-01,cold,Negative,15,6
24760,2017-01-01,cold,Negative,12,4
24761,2017-01-01,cold,Negative,12,5
24762,2017-01-01,cold,Negative,15,5
24763,2017-01-01,cold,Negative,12,7
24764,2017-01-01,cold,Negative,15,6
24765,2017-01-01,cold,Negative,12,4
24766,2017-01-01,cold,Negative,12,5
24767,2017-01-01,cold,Negative,15,5
24768,2017-01-01,cold,Negative,12,7
24769,2017-01-01,cold,Negative,15,6
24780,2017-01-01,cold,Negative,12,4
24781,2017-01-01,cold,Negative,12,5
24782,2017-01-01,cold,Negative,15,5
24783,2017-01-01,cold,Negative,12,7
24784,2017-01-01,cold,Negative,15,6
24810,2017-01-01,cold,Negative,12,4
24811,2017-01-01,cold,Negative,12,5
24812,2017-01-01,cold,Negative,15,5
24813,2017-01-01,cold,Negative,12,7
24814,2017-01-01,cold,Negative,15,6
24830,2017-01-01,cold,Negative,12,4
24831,2017-01-01,cold,Negative,12,5
24832,2017-01-01,cold,Negative,15,5
24833,2017-01-01,cold,Negative,12,7
24834,2017-01-01,cold,Negative,15,6
24855,2017-01-01,cold,Negative,12,4
24856,2017-01-01,cold,Negative,12,5
24857,2017-01-01,cold,Negative,15,5
24858,2017-01-01,cold,Negative,12,7
24859,2017-01-01,cold,Negative,15,6
24880,2017-01-01,cold,Negative,12,4
24881,2017-01-01,cold,Negative,12,5
24882,2017-01-01,cold,Negative,15,5
24883,2017-01-01,cold,Negative,12,7
24884,2017-01-01,cold,Negative,15,6
24920,2017-01-01,cold,Negative,12,4
24921,2017-01-01,cold,Negative,12,5
24922,2017-01-01,cold,Negative,15,5
24923,2017-01-01,cold,Negative,12,7
24924,2017-01-01,cold,Negative,15,6
24985,2017-01-01,cold,Negative,12,4
24986,2017-01-01,cold,Negative,12,5
24987,2017-01-01,cold,Negative,15,5
24988,2017-01-01,cold,Negative,12,7
24989,2017-01-01,cold,Negative,15,6
24995,2017-01-01,cold,Negative,12,4
24996,2017-01-01,cold,Negative,12,5
24997,2017-01-01,cold,Negative,15,5
24998,2017-01-01,cold,Negative,12,7
24999,2017-01-01,cold,Negative,15,6
25035,2017-01-02,cold,Positive,1,0
25036,2017-01-02,cold,Positive,1,0
25037,2017-01-02,cold,Positive,1,1
25038,2017-01-02,cold,Positive,1,2
25039,2017-01-02,cold,Positive,1,2
25105,2017-01-02,cold,Negative,1,0
25106,2017-01-02,cold,Negative,1,0
25107,2017-01-02,cold,Negative,1,1
25108,2017-01-02,cold,Negative,1,2
25109,2017-01-02,cold,Negative,1,2
25130,2017-01-02,cold,Negative,1,0
25131,2017-01-02,cold,Negative,1,0
25132,2017-01-02,cold,Negative,1,1
25133,2017-01-02,cold,Negative,1,2
25134,2017-01-02,cold,Negative,1,2
25140,2017-01-02,cold,Negative,1,0
25141,2017-01-02,cold,Negative,1,0
25142,2017-01-02,cold,Negative,1,1
25143,2017-01-02,cold,Negative,1,2
25144,2017-01-02,cold,Negative,1,2
25245,2017-01-02,cold,Negative,1,0
25246,2017-01-02,cold,Negative,1,0
25247,2017-01-02,cold,Negative,1,1
25248,2017-01-02,cold,Negative,1,2
25249,2017-01-02,cold,Negative,1,2
25350,2017-01-02,cold,Negative,1,0
25351,2017-01-02,cold,Negative,1,0
25352,2017-01-02,cold,Negative,1,1
25353,2017-01-02,cold,Negative,1,2
25354,2017-01-02,cold,Negative,1,2
25550,2017-01-02,cold,Positive,1,0
25551,2017-01-02,cold,Positive,1,0
25552,2017-01-02,cold,Positive,1,1
25553,2017-01-02,cold,Positive,1,2
25554,2017-01-02,cold,Positive,1,2
25575,2017-01-02,cold,Negative,1,0
25576,2017-01-02,cold,Negative,1,0
25577,2017-01-02,cold,Negative,1,1
25578,2017-01-02,cold,Negative,1,2
25579,2017-01-02,cold,Negative,1,2
25610,2017-01-02,cold,Negative,1,0
25611,2017-01-02,cold,Negative,1,0
25612,2017-01-02,cold,Negative,1,1
25613,2017-01-02,cold,Negative,1,2
25614,2017-01-02,cold,Negative,1,2
25705,2017-01-02,cold,Negative,1,0
25706,2017-01-02,cold,Negative,1,0
25707,2017-01-02,cold,Negative,1,1
25708,2017-01-02,cold,Negative,1,2
25709,2017-01-02,cold,Negative,1,2
25880,2017-01-02,cold,Negative,1,0
25881,2017-01-02,cold,Negative,1,0
25882,2017-01-02,cold,Negative,1,1
25883,2017-01-02,cold,Negative,1,2
25884,2017-01-02,cold,Negative,1,2
25895,2017-01-02,cold,Negative,1,0
25896,2017-01-02,cold,Negative,1,0
25897,2017-01-02,cold,Negative,1,1
25898,2017-01-02,cold,Negative,1,2
25899,2017-01-02,cold,Negative,1,2
26125,2017-01-02,cold,Negative,1,0
26126,2017-01-02,cold,Negative,1,0
26127,2017-01-02,cold,Negative,1,1
26128,2017-01-02,cold,Negative,1,2
26129,2017-01-02,cold,Negative,1,2
26220,2017-01-02,cold,Negative,1,0
26221,2017-01-02,cold,Negative,1,0
26222,2017-01-02,cold,Negative,1,1
26223,2017-01-02,cold,Negative,1,2
26224,2017-01-02,cold,Negative,1,2
26345,2017-01-02,cold,Negative,1,0
26346,2017-01-02,cold,Negative,1,0
26347,2017-01-02,cold,Negative,1,1
26348,2017-01-02,cold,Negative,1,2
26349,2017-01-02,cold,Negative,1,2
26400,2017-01-02,cold,Negative,1,0
26401,2017-01-02,cold,Negative,1,0
26402,2017-01-02,cold,Negative,1,1
26403,2017-01-02,cold,Negative,1,2
26404,2017-01-02,cold,Negative,1,2
26450,2017-01-02,cold,Negative,1,0
26451,2017-01-02,cold,Negative,1,0
26452,2017-01-02,cold,Negative,1,1
26453,2017-01-02,cold,Negative,1,2
26454,2017-01-02,cold,Negative,1,2
26545,2017-01-02,cold,Negative,1,0
26546,2017-01-02,cold,Negative,1,0
26547,2017-01-02,cold,Negative,1,1
26548,2017-01-02,cold,Negative,1,2
26549,2017-01-02,cold,Negative,1,2
26645,2017-01-02,cold,Negative,1,0
26646,2017-01-02,cold,Negative,1,0
26647,2017-01-02,cold,Negative,1,1
26648,2017-01-02,cold,Negative,1,2
26649,2017-01-02,cold,Negative,1,2
26655,2017-01-02,cold,Negative,1,0
26656,2017-01-02,cold,Negative,1,0
26657,2017-01-02,cold,Negative,1,1
26658,2017-01-02,cold,Negative,1,2
26659,2017-01-02,cold,Negative,1,2
26670,2017-01-02,cold,Negative,1,0
26671,2017-01-02,cold,Negative,1,0
26672,2017-01-02,cold,Negative,1,1
26673,2017-01-02,cold,Negative,1,2
26674,2017-01-02,cold,Negative,1,2
26675,2017-01-02,cold,Negative,1,0
26676,2017-01-02,cold,Negative,1,0
26677,2017-01-02,cold,Negative,1,1
26678,2017-01-02,cold,Negative,1,2
26679,2017-01-02,cold,Negative,1,2
26765,2017-01-02,cold,Negative,1,0
26766,2017-01-02,cold,Negative,1,0
26767,2017-01-02,cold,Negative,1,1
26768,2017-01-02,cold,Negative,1,2
26769,2017-01-02,cold,Negative,1,2
26805,2017-01-02,cold,Negative,1,0
26806,2017-01-02,cold,Negative,1,0
26807,2017-01-02,cold,Negative,1,1
26808,2017-01-02,cold,Negative,1,2
26809,2017-01-02,cold,Negative,1,2
26850,2017-01-02,cold,Negative,1,0
26851,2017-01-02,cold,Negative,1,0
26852,2017-01-02,cold,Negative,1,1
26853,2017-01-02,cold,Negative,1,2
26854,2017-01-02,cold,Negative,1,2
26970,2017-01-02,cold,Negative,1,0
26971,2017-01-02,cold,Negative,1,0
26972,2017-01-02,cold,Negative,1,1
26973,2017-01-02,cold,Negative,1,2
26974,2017-01-02,cold,Negative,1,2
27015,2017-01-02,cold,Negative,1,0
27016,2017-01-02,cold,Negative,1,0
27017,2017-01-02,cold,Negative,1,1
27018,2017-01-02,cold,Negative,1,2
27019,2017-01-02,cold,Negative,1,2
27050,2017-01-02,cold,Negative,1,0
27051,2017-01-02,cold,Negative,1,0
27052,2017-01-02,cold,Negative,1,1
27053,2017-01-02,cold,Negative,1,2
27054,2017-01-02,cold,Negative,1,2
27125,2017-01-02,cold,Negative,1,0
27126,2017-01-02,cold,Negative,1,0
27127,2017-01-02,cold,Negative,1,1
27128,2017-01-02,cold,Negative,1,2
27129,2017-01-02,cold,Negative,1,2
27130,2017-01-02,cold,Negative,1,0
27131,2017-01-02,cold,Negative,1,0
27132,2017-01-02,cold,Negative,1,1
27133,2017-01-02,cold,Negative,1,2
27134,2017-01-02,cold,Negative,1,2
27140,2017-01-02,cold,Negative,1,0
27141,2017-01-02,cold,Negative,1,0
27142,2017-01-02,cold,Negative,1,1
27143,2017-01-02,cold,Negative,1,2
27144,2017-01-02,cold,Negative,1,2
27175,2017-01-02,cold,Positive,1,0
27176,2017-01-02,cold,Positive,1,0
27177,2017-01-02,cold,Positive,1,1
27178,2017-01-02,cold,Positive,1,2
27179,2017-01-02,cold,Positive,1,2
27280,2017-01-02,cold,Negative,1,0
27281,2017-01-02,cold,Negative,1,0
27282,2017-01-02,cold,Negative,1,1
27283,2017-01-02,cold,Negative,1,2
27284,2017-01-02,cold,Negative,1,2
27305,2017-01-02,cold,Negative,1,0
27306,2017-01-02,cold,Negative,1,0
27307,2017-01-02,cold,Negative,1,1
27308,2017-01-02,cold,Negative,1,2
27309,2017-01-02,cold,Negative,1,2
27470,2017-01-02,cold,Negative,1,0
27471,2017-01-02,cold,Negative,1,0
27472,2017-01-02,cold,Negative,1,1
27473,2017-01-02,cold,Negative,1,2
27474,2017-01-02,cold,Negative,1,2
27685,2017-01-02,cold,Negative,1,0
27686,2017-01-02,cold,Negative,1,0
27687,2017-01-02,cold,Negative,1,1
27688,2017-01-02,cold,Negative,1,2
27689,2017-01-02,cold,Negative,1,2
27705,2017-01-02,cold,Negative,1,0
27706,2017-01-02,cold,Negative,1,0
27707,2017-01-02,cold,Negative,1,1
27708,2017-01-02,cold,Negative,1,2
27709,2017-01-02,cold,Negative,1,2
27740,2017-01-02,cold,Negative,1,0
27741,2017-01-02,cold,Negative,1,0
27742,2017-01-02,cold,Negative,1,1
27743,2017-01-02,cold,Negative,1,2
27744,2017-01-02,cold,Negative,1,2
27800,2017-01-02,cold,Negative,1,0
27801,2017-01-02,cold,Negative,1,0
27802,2017-01-02,cold,Negative,1,1
27803,2017-01-02,cold,Negative,1,2
27804,2017-01-02,cold,Negative,1,2
27805,2017-01-02,cold,Positive,1,0
27806,2017-01-02,cold,Positive,1,0
27807,2017-01-02,cold,Positive,1,1
27808,2017-01-02,cold,Positive,1,2
27809,2017-01-02,cold,Positive,1,2
27810,2017-01-02,cold,Positive,1,0
27811,2017-01-02,cold,Positive,1,0
27812,2017-01-02,cold,Positive,1,1
27813,2017-01-02,cold,Positive,1,2
27814,2017-01-02,cold,Positive,1,2
27815,2017-01-02,cold,Positive,1,0
27816,2017-01-02,cold,Positive,1,0
27817,2017-01-02,cold,Positive,1,1
27818,2017-01-02,cold,Positive,1,2
27819,2017-01-02,cold,Positive,1,2
27850,2017-01-02,cold,Negative,1,0
27851,2017-01-02,cold,Negative,1,0
27852,2017-01-02,cold,Negative,1,1
27853,2017-01-02,cold,Negative,1,2
27854,2017-01-02,cold,Negative,1,2
27860,2017-01-02,cold,Negative,1,0
27861,2017-01-02,cold,Negative,1,0
27862,2017-01-02,cold,Negative,1,1
27863,2017-01-02,cold,Negative,1,2
27864,2017-01-02,cold,Negative,1,2
27895,2017-01-02,cold,Negative,1,0
27896,2017-01-02,cold,Negative,1,0
27897,2017-01-02,cold,Negative,1,1
27898,2017-01-02,cold,Negative,1,2
27899,2017-01-02,cold,Negative,1,2
27955,2017-01-02,cold,Negative,1,0
27956,2017-01-02,cold,Negative,1,0
27957,2017-01-02,cold,Negative,1,1
27958,2017-01-02,cold,Negative,1,2
27959,2017-01-02,cold,Negative,1,2
27990,2017-01-02,cold,Positive,1,0
27991,2017-01-02,cold,Positive,1,0
27992,2017-01-02,cold,Positive,1,1
27993,2017-01-02,cold,Positive,1,2
27994,2017-01-02,cold,Positive,1,2
27995,2017-01-02,cold,Negative,1,0
27996,2017-01-02,cold,Negative,1,0
27997,2017-01-02,cold,Negative,1,1
27998,2017-01-02,cold,Negative,1,2
27999,2017-01-02,cold,Negative,1,2
28070,2017-01-02,cold,Negative,1,0
28071,2017-01-02,cold,Negative,1,0
28072,2017-01-02,cold,Negative,1,1
28073,2017-01-02,cold,Negative,1,2
28074,2017-01-02,cold,Negative,1,2
28165,2017-01-02,cold,Positive,1,0
28166,2017-01-02,cold,Positive,1,0
28167,2017-01-02,cold,Positive,1,1
28168,2017-01-02,cold,Positive,1,2
28169,2017-01-02,cold,Positive,1,2
28205,2017-01-02,cold,Negative,1,0
28206,2017-01-02,cold,Negative,1,0
28207,2017-01-02,cold,Negative,1,1
28208,2017-01-02,cold,Negative,1,2
28209,2017-01-02,cold,Negative,1,2
28230,2017-01-02,cold,Positive,1,0
28231,2017-01-02,cold,Positive,1,0
28232,2017-01-02,cold,Positive,1,1
28233,2017-01-02,cold,Positive,1,2
28234,2017-01-02,cold,Positive,1,2
28400,2017-01-02,cold,Negative,1,0
28401,2017-01-02,cold,Negative,1,0
28402,2017-01-02,cold,Negative,1,1
28403,2017-01-02,cold,Negative,1,2
28404,2017-01-02,cold,Negative,1,2
28640,2017-01-02,cold,Negative,1,0
28641,2017-01-02,cold,Negative,1,0
28642,2017-01-02,cold,Negative,1,1
28643,2017-01-02,cold,Negative,1,2
28644,2017-01-02,cold,Negative,1,2
28660,2017-01-02,cold,Negative,1,0
28661,2017-01-02,cold,Negative,1,0
28662,2017-01-02,cold,Negative,1,1
28663,2017-01-02,cold,Negative,1,2
28664,2017-01-02,cold,Negative,1,2
28670,2017-01-02,cold,Negative,1,0
28671,2017-01-02,cold,Negative,1,0
28672,2017-01-02,cold,Negative,1,1
28673,2017-01-02,cold,Negative,1,2
28674,2017-01-02,cold,Negative,1,2
28695,2017-01-02,cold,Negative,1,0
28696,2017-01-02,cold,Negative,1,0
28697,2017-01-02,cold,Negative,1,1
28698,2017-01-02,cold,Negative,1,2
28699,2017-01-02,cold,Negative,1,2
28720,2017-01-02,cold,Negative,1,0
28721,2017-01-02,cold,Negative,1,0
28722,2017-01-02,cold,Negative,1,1
28723,2017-01-02,cold,Negative,1,2
28724,2017-01-02,cold,Negative,1,2
28835,2017-01-02,cold,Negative,1,0
28836,2017-01-02,cold,Negative,1,0
28837,2017-01-02,cold,Negative,1,1
28838,2017-01-02,cold,Negative,1,2
28839,2017-01-02,cold,Negative,1,2
28880,2017-01-02,cold,Negative,1,0
28881,2017-01-02,cold,Negative,1,0
28882,2017-01-02,cold,Negative,1,1
28883,2017-01-02,cold,Negative,1,2
28884,2017-01-02,cold,Negative,1,2
28950,2017-01-02,cold,Negative,1,0
28951,2017-01-02,cold,Negative,1,0
28952,2017-01-02,cold,Negative,1,1
28953,2017-01-02,cold,Negative,1,2
28954,2017-01-02,cold,Negative,1,2
28965,2017-01-02,cold,Negative,1,0
28966,2017-01-02,cold,Negative,1,0
28967,2017-01-02,cold,Negative,1,1
28968,2017-01-02,cold,Negative,1,2
28969,2017-01-02,cold,Negative,1,2
28990,2017-01-02,cold,Negative,1,0
28991,2017-01-02,cold,Negative,1,0
28992,2017-01-02,cold,Negative,1,1
28993,2017-01-02,cold,Negative,1,2
28994,2017-01-02,cold,Negative,1,2
29005,2017-01-02,cold,Negative,1,0
29006,2017-01-02,cold,Negative,1,0
29007,2017-01-02,cold,Negative,1,1
29008,2017-01-02,cold,Negative,1,2
29009,2017-01-02,cold,Negative,1,2
29035,2017-01-02,cold,Negative,1,0
29036,2017-01-02,cold,Negative,1,0
29037,2017-01-02,cold,Negative,1,1
29038,2017-01-02,cold,Negative,1,2
29039,2017-01-02,cold,Negative,1,2
29315,2017-01-02,cold,Negative,1,0
29316,2017-01-02,cold,Negative,1,0
29317,2017-01-02,cold,Negative,1,1
29318,2017-01-02,cold,Negative,1,2
29319,2017-01-02,cold,Negative,1,2
29370,2017-01-02,cold,Negative,1,0
29371,2017-01-02,cold,Negative,1,0
29372,2017-01-02,cold,Negative,1,1
29373,2017-01-02,cold,Negative,1,2
29374,2017-01-02,cold,Negative,1,2
29435,2017-01-02,cold,Negative,1,0
29436,2017-01-02,cold,Negative,1,0
29437,2017-01-02,cold,Negative,1,1
29438,2017-01-02,cold,Negative,1,2
29439,2017-01-02,cold,Negative,1,2
29460,2017-01-02,cold,Negative,1,0
29461,2017-01-02,cold,Negative,1,0
29462,2017-01-02,cold,Negative,1,1
29463,2017-01-02,cold,Negative,1,2
29464,2017-01-02,cold,Negative,1,2
29505,2017-01-02,cold,Negative,1,0
29506,2017-01-02,cold,Negative,1,0
29507,2017-01-02,cold,Negative,1,1
29508,2017-01-02,cold,Negative,1,2
29509,2017-01-02,cold,Negative,1,2
29690,2017-01-02,cold,Negative,1,0
29691,2017-01-02,cold,Negative,1,0
29692,2017-01-02,cold,Negative,1,1
29693,2017-01-02,cold,Negative,1,2
29694,2017-01-02,cold,Negative,1,2
29855,2017-01-02,cold,Negative,1,0
29856,2017-01-02,cold,Negative,1,0
29857,2017-01-02,cold,Negative,1,1
29858,2017-01-02,cold,Negative,1,2
29859,2017-01-02,cold,Negative,1,2
29965,2017-01-02,cold,Negative,1,0
29966,2017-01-02,cold,Negative,1,0
29967,2017-01-02,cold,Negative,1,1
29968,2017-01-02,cold,Negative,1,2
29969,2017-01-02,cold,Negative,1,2
30030,2017-01-03,cold,Negative,1,1
30031,2017-01-03,cold,Negative,3,1
30032,2017-01-03,cold,Negative,3,2
30033,2017-01-03,cold,Negative,7,2
30034,2017-01-03,cold,Negative,3,2
30045,2017-01-03,cold,Negative,1,1
30046,2017-01-03,cold,Negative,3,1
30047,2017-01-03,cold,Negative,3,2
30048,2017-01-03,cold,Negative,7,2
30049,2017-01-03,cold,Negative,3,2
30060,2017-01-03,cold,Negative,1,1
30061,2017-01-03,cold,Negative,3,1
30062,2017-01-03,cold,Negative,3,2
30063,2017-01-03,cold,Negative,7,2
30064,2017-01-03,cold,Negative,3,2
30075,2017-01-03,cold,Positive,1,1
30076,2017-01-03,cold,Positive,3,1
30077,2017-01-03,cold,Positive,3,2
30078,2017-01-03,cold,Positive,7,2
30079,2017-01-03,cold,Positive,3,2
30080,2017-01-03,cold,Negative,1,1
30081,2017-01-03,cold,Negative,3,1
30082,2017-01-03,cold,Negative,3,2
30083,2017-01-03,cold,Negative,7,2
30084,2017-01-03,cold,Negative,3,2
30160,2017-01-03,cold,Negative,1,1
30161,2017-01-03,cold,Negative,3,1
30162,2017-01-03,cold,Negative,3,2
30163,2017-01-03,cold,Negative,7,2
30164,2017-01-03,cold,Negative,3,2
30330,2017-01-03,cold,Negative,1,1
30331,2017-01-03,cold,Negative,3,1
30332,2017-01-03,cold,Negative,3,2
30333,2017-01-03,cold,Negative,7,2
30334,2017-01-03,cold,Negative,3,2
30335,2017-01-03,cold,Negative,1,1
30336,2017-01-03,cold,Negative,3,1
30337,2017-01-03,cold,Negative,3,2
30338,2017-01-03,cold,Negative,7,2
30339,2017-01-03,cold,Negative,3,2
30360,2017-01-03,cold,Negative,1,1
30361,2017-01-03,cold,Negative,3,1
30362,2017-01-03,cold,Negative,3,2
30363,2017-01-03,cold,Negative,7,2
30364,2017-01-03,cold,Negative,3,2
30365,2017-01-03,cold,Negative,1,1
30366,2017-01-03,cold,Negative,3,1
30367,2017-01-03,cold,Negative,3,2
30368,2017-01-03,cold,Negative,7,2
30369,2017-01-03,cold,Negative,3,2
30390,2017-01-03,cold,Negative,1,1
30391,2017-01-03,cold,Negative,3,1
30392,2017-01-03,cold,Negative,3,2
30393,2017-01-03,cold,Negative,7,2
30394,2017-01-03,cold,Negative,3,2
30455,2017-01-03,cold,Negative,1,1
30456,2017-01-03,cold,Negative,3,1
30457,2017-01-03,cold,Negative,3,2
30458,2017-01-03,cold,Negative,7,2
30459,2017-01-03,cold,Negative,3,2
30515,2017-01-03,cold,Negative,1,1
30516,2017-01-03,cold,Negative,3,1
30517,2017-01-03,cold,Negative,3,2
30518,2017-01-03,cold,Negative,7,2
30519,2017-01-03,cold,Negative,3,2
30605,2017-01-03,cold,Negative,1,1
30606,2017-01-03,cold,Negative,3,1
30607,2017-01-03,cold,Negative,3,2
30608,2017-01-03,cold,Negative,7,2
30609,2017-01-03,cold,Negative,3,2
30610,2017-01-03,cold,Negative,1,1
30611,2017-01-03,cold,Negative,3,1
30612,2017-01-03,cold,Negative,3,2
30613,2017-01-03,cold,Negative,7,2
30614,2017-01-03,cold,Negative,3,2
30660,2017-01-03,cold,Negative,1,1
30661,2017-01-03,cold,Negative,3,1
30662,2017-01-03,cold,Negative,3,2
30663,2017-01-03,cold,Negative,7,2
30664,2017-01-03,cold,Negative,3,2
30940,2017-01-03,cold,Negative,1,1
30941,2017-01-03,cold,Negative,3,1
30942,2017-01-03,cold,Negative,3,2
30943,2017-01-03,cold,Negative,7,2
30944,2017-01-03,cold,Negative,3,2
30945,2017-01-03,cold,Negative,1,1
30946,2017-01-03,cold,Negative,3,1
30947,2017-01-03,cold,Negative,3,2
30948,2017-01-03,cold,Negative,7,2
30949,2017-01-03,cold,Negative,3,2
30955,2017-01-03,cold,Negative,1,1
30956,2017-01-03,cold,Negative,3,1
30957,2017-01-03,cold,Negative,3,2
30958,2017-01-03,cold,Negative,7,2
30959,2017-01-03,cold,Negative,3,2
31050,2017-01-03,cold,Negative,1,1
31051,2017-01-03,cold,Negative,3,1
31052,2017-01-03,cold,Negative,3,2
31053,2017-01-03,cold,Negative,7,2
31054,2017-01-03,cold,Negative,3,2
31080,2017-01-03,cold,Negative,1,1
31081,2017-01-03,cold,Negative,3,1
31082,2017-01-03,cold,Negative,3,2
31083,2017-01-03,cold,Negative,7,2
31084,2017-01-03,cold,Negative,3,2
31135,2017-01-03,cold,Negative,1,1
31136,2017-01-03,cold,Negative,3,1
31137,2017-01-03,cold,Negative,3,2
31138,2017-01-03,cold,Negative,7,2
31139,2017-01-03,cold,Negative,3,2
31205,2017-01-03,cold,Negative,1,1
31206,2017-01-03,cold,Negative,3,1
31207,2017-01-03,cold,Negative,3,2
31208,2017-01-03,cold,Negative,7,2
31209,2017-01-03,cold,Negative,3,2
31210,2017-01-03,cold,Negative,1,1
31211,2017-01-03,cold,Negative,3,1
31212,2017-01-03,cold,Negative,3,2
31213,2017-01-03,cold,Negative,7,2
31214,2017-01-03,cold,Negative,3,2
31240,2017-01-03,cold,Negative,1,1
31241,2017-01-03,cold,Negative,3,1
31242,2017-01-03,cold,Negative,3,2
31243,2017-01-03,cold,Negative,7,2
31244,2017-01-03,cold,Negative,3,2
31515,2017-01-03,cold,Negative,1,1
31516,2017-01-03,cold,Negative,3,1
31517,2017-01-03,cold,Negative,3,2
31518,2017-01-03,cold,Negative,7,2
31519,2017-01-03,cold,Negative,3,2
31545,2017-01-03,cold,Negative,1,1
31546,2017-01-03,cold,Negative,3,1
31547,2017-01-03,cold,Negative,3,2
31548,2017-01-03,cold,Negative,7,2
31549,2017-01-03,cold,Negative,3,2
31570,2017-01-03,cold,Negative,1,1
31571,2017-01-03,cold,Negative,3,1
31572,2017-01-03,cold,Negative,3,2
31573,2017-01-03,cold,Negative,7,2
31574,2017-01-03,cold,Negative,3,2
31675,2017-01-03,cold,Negative,1,1
31676,2017-01-03,cold,Negative,3,1
31677,2017-01-03,cold,Negative,3,2
31678,2017-01-03,cold,Negative,7,2
31679,2017-01-03,cold,Negative,3,2
31700,2017-01-03,cold,Negative,1,1
31701,2017-01-03,cold,Negative,3,1
31702,2017-01-03,cold,Negative,3,2
31703,2017-01-03,cold,Negative,7,2
31704,2017-01-03,cold,Negative,3,2
31725,2017-01-03,cold,Negative,1,1
31726,2017-01-03,cold,Negative,3,1
31727,2017-01-03,cold,Negative,3,2
31728,2017-01-03,cold,Negative,7,2
31729,2017-01-03,cold,Negative,3,2
31765,2017-01-03,cold,Negative,1,1
31766,2017-01-03,cold,Negative,3,1
31767,2017-01-03,cold,Negative,3,2
31768,2017-01-03,cold,Negative,7,2
31769,2017-01-03,cold,Negative,3,2
32020,2017-01-03,cold,Negative,1,1
32021,2017-01-03,cold,Negative,3,1
32022,2017-01-03,cold,Negative,3,2
32023,2017-01-03,cold,Negative,7,2
32024,2017-01-03,cold,Negative,3,2
32050,2017-01-03,cold,Negative,1,1
32051,2017-01-03,cold,Negative,3,1
32052,2017-01-03,cold,Negative,3,2
32053,2017-01-03,cold,Negative,7,2
32054,2017-01-03,cold,Negative,3,2
32095,2017-01-03,cold,Negative,1,1
32096,2017-01-03,cold,Negative,3,1
32097,2017-01-03,cold,Negative,3,2
32098,2017-01-03,cold,Negative,7,2
32099,2017-01-03,cold,Negative,3,2
32140,2017-01-03,cold,Negative,1,1
32141,2017-01-03,cold,Negative,3,1
32142,2017-01-03,cold,Negative,3,2
32143,2017-01-03,cold,Negative,7,2
32144,2017-01-03,cold,Negative,3,2
32295,2017-01-03,cold,Negative,1,1
32296,2017-01-03,cold,Negative,3,1
32297,2017-01-03,cold,Negative,3,2
32298,2017-01-03,cold,Negative,7,2
32299,2017-01-03,cold,Negative,3,2
32325,2017-01-03,cold,Negative,1,1
32326,2017-01-03,cold,Negative,3,1
32327,2017-01-03,cold,Negative,3,2
32328,2017-01-03,cold,Negative,7,2
32329,2017-01-03,cold,Negative,3,2
32375,2017-01-03,cold,Negative,1,1
32376,2017-01-03,cold,Negative,3,1
32377,2017-01-03,cold,Negative,3,2
32378,2017-01-03,cold,Negative,7,2
32379,2017-01-03,cold,Negative,3,2
32555,2017-01-03,cold,Negative,1,1
32556,2017-01-03,cold,Negative,3,1
32557,2017-01-03,cold,Negative,3,2
32558,2017-01-03,cold,Negative,7,2
32559,2017-01-03,cold,Negative,3,2
32570,2017-01-03,cold,Negative,1,1
32571,2017-01-03,cold,Negative,3,1
32572,2017-01-03,cold,Negative,3,2
32573,2017-01-03,cold,Negative,7,2
32574,2017-01-03,cold,Negative,3,2
32575,2017-01-03,cold,Negative,1,1
32576,2017-01-03,cold,Negative,3,1
32577,2017-01-03,cold,Negative,3,2
32578,2017-01-03,cold,Negative,7,2
32579,2017-01-03,cold,Negative,3,2
32625,2017-01-03,cold,Negative,1,1
32626,2017-01-03,cold,Negative,3,1
32627,2017-01-03,cold,Negative,3,2
32628,2017-01-03,cold,Negative,7,2
32629,2017-01-03,cold,Negative,3,2
32820,2017-01-03,cold,Negative,1,1
32821,2017-01-03,cold,Negative,3,1
32822,2017-01-03,cold,Negative,3,2
32823,2017-01-03,cold,Negative,7,2
32824,2017-01-03,cold,Negative,3,2
32895,2017-01-03,cold,Negative,1,1
32896,2017-01-03,cold,Negative,3,1
32897,2017-01-03,cold,Negative,3,2
32898,2017-01-03,cold,Negative,7,2
32899,2017-01-03,cold,Negative,3,2
32915,2017-01-03,cold,Negative,1,1
32916,2017-01-03,cold,Negative,3,1
32917,2017-01-03,cold,Negative,3,2
32918,2017-01-03,cold,Negative,7,2
32919,2017-01-03,cold,Negative,3,2
32935,2017-01-03,cold,Negative,1,1
32936,2017-01-03,cold,Negative,3,1
32937,2017-01-03,cold,Negative,3,2
32938,2017-01-03,cold,Negative,7,2
32939,2017-01-03,cold,Negative,3,2
32955,2017-01-03,cold,Negative,1,1
32956,2017-01-03,cold,Negative,3,1
32957,2017-01-03,cold,Negative,3,2
32958,2017-01-03,cold,Negative,7,2
32959,2017-01-03,cold,Negative,3,2
33080,2017-01-03,cold,Negative,1,1
33081,2017-01-03,cold,Negative,3,1
33082,2017-01-03,cold,Negative,3,2
33083,2017-01-03,cold,Negative,7,2
33084,2017-01-03,cold,Negative,3,2
33100,2017-01-03,cold,Negative,1,1
33101,2017-01-03,cold,Negative,3,1
33102,2017-01-03,cold,Negative,3,2
33103,2017-01-03,cold,Negative,7,2
33104,2017-01-03,cold,Negative,3,2
33120,2017-01-03,cold,Negative,1,1
33121,2017-01-03,cold,Negative,3,1
33122,2017-01-03,cold,Negative,3,2
33123,2017-01-03,cold,Negative,7,2
33124,2017-01-03,cold,Negative,3,2
33125,2017-01-03,cold,Negative,1,1
33126,2017-01-03,cold,Negative,3,1
33127,2017-01-03,cold,Negative,3,2
33128,2017-01-03,cold,Negative,7,2
33129,2017-01-03,cold,Negative,3,2
33245,2017-01-03,cold,Negative,1,1
33246,2017-01-03,cold,Negative,3,1
33247,2017-01-03,cold,Negative,3,2
33248,2017-01-03,cold,Negative,7,2
33249,2017-01-03,cold,Negative,3,2
33320,2017-01-03,cold,Negative,1,1
33321,2017-01-03,cold,Negative,3,1
33322,2017-01-03,cold,Negative,3,2
33323,2017-01-03,cold,Negative,7,2
33324,2017-01-03,cold,Negative,3,2
33435,2017-01-03,cold,Negative,1,1
33436,2017-01-03,cold,Negative,3,1
33437,2017-01-03,cold,Negative,3,2
33438,2017-01-03,cold,Negative,7,2
33439,2017-01-03,cold,Negative,3,2
33475,2017-01-03,cold,Negative,1,1
33476,2017-01-03,cold,Negative,3,1
33477,2017-01-03,cold,Negative,3,2
33478,2017-01-03,cold,Negative,7,2
33479,2017-01-03,cold,Negative,3,2
33560,2017-01-03,cold,Positive,1,1
33561,2017-01-03,cold,Positive,3,1
33562,2017-01-03,cold,Positive,3,2
33563,2017-01-03,cold,Positive,7,2
33564,2017-01-03,cold,Positive,3,2
33565,2017-01-03,cold,Negative,1,1
33566,2017-01-03,cold,Negative,3,1
33567,2017-01-03,cold,Negative,3,2
33568,2017-01-03,cold,Negative,7,2
33569,2017-01-03,cold,Negative,3,2
33615,2017-01-03,cold,Negative,1,1
33616,2017-01-03,cold,Negative,3,1
33617,2017-01-03,cold,Negative,3,2
33618,2017-01-03,cold,Negative,7,2
33619,2017-01-03,cold,Negative,3,2
33785,2017-01-03,cold,Negative,1,1
33786,2017-01-03,cold,Negative,3,1
33787,2017-01-03,cold,Negative,3,2
33788,2017-01-03,cold,Negative,7,2
33789,2017-01-03,cold,Negative,3,2
33930,2017-01-03,cold,Negative,1,1
33931,2017-01-03,cold,Negative,3,1
33932,2017-01-03,cold,Negative,3,2
33933,2017-01-03,cold,Negative,7,2
33934,2017-01-03,cold,Negative,3,2
34005,2017-01-03,cold,Negative,1,1
34006,2017-01-03,cold,Negative,3,1
34007,2017-01-03,cold,Negative,3,2
34008,2017-01-03,cold,Negative,7,2
34009,2017-01-03,cold,Negative,3,2
34020,2017-01-03,cold,Negative,1,1
34021,2017-01-03,cold,Negative,3,1
34022,2017-01-03,cold,Negative,3,2
34023,2017-01-03,cold,Negative,7,2
34024,2017-01-03,cold,Negative,3,2
34035,2017-01-03,cold,Negative,1,1
34036,2017-01-03,cold,Negative,3,1
34037,2017-01-03,cold,Negative,3,2
34038,2017-01-03,cold,Negative,7,2
34039,2017-01-03,cold,Negative,3,2
34080,2017-01-03,cold,Negative,1,1
34081,2017-01-03,cold,Negative,3,1
34082,2017-01-03,cold,Negative,3,2
34083,2017-01-03,cold,Negative,7,2
34084,2017-01-03,cold,Negative,3,2
34135,2017-01-03,cold,Negative,1,1
34136,2017-01-03,cold,Negative,3,1
34137,2017-01-03,cold,Negative,3,2
34138,2017-01-03,cold,Negative,7,2
34139,2017-01-03,cold,Negative,3,2
34170,2017-01-03,cold,Negative,1,1
34171,2017-01-03,cold,Negative,3,1
34172,2017-01-03,cold,Negative,3,2
34173,2017-01-03,cold,Negative,7,2
34174,2017-01-03,cold,Negative,3,2
34205,2017-01-03,cold,Positive,1,1
34206,2017-01-03,cold,Positive,3,1
34207,2017-01-03,cold,Positive,3,2
34208,2017-01-03,cold,Positive,7,2
34209,2017-01-03,cold,Positive,3,2
34225,2017-01-03,cold,Negative,1,1
34226,2017-01-03,cold,Negative,3,1
34227,2017-01-03,cold,Negative,3,2
34228,2017-01-03,cold,Negative,7,2
34229,2017-01-03,cold,Negative,3,2
34480,2017-01-03,cold,Negative,1,1
34481,2017-01-03,cold,Negative,3,1
34482,2017-01-03,cold,Negative,3,2
34483,2017-01-03,cold,Negative,7,2
34484,2017-01-03,cold,Negative,3,2
34545,2017-01-03,cold,Negative,1,1
34546,2017-01-03,cold,Negative,3,1
34547,2017-01-03,cold,Negative,3,2
34548,2017-01-03,cold,Negative,7,2
34549,2017-01-03,cold,Negative,3,2
34595,2017-01-03,cold,Negative,1,1
34596,2017-01-03,cold,Negative,3,1
34597,2017-01-03,cold,Negative,3,2
34598,2017-01-03,cold,Negative,7,2
34599,2017-01-03,cold,Negative,3,2
34665,2017-01-03,cold,Negative,1,1
34666,2017-01-03,cold,Negative,3,1
34667,2017-01-03,cold,Negative,3,2
34668,2017-01-03,cold,Negative,7,2
34669,2017-01-03,cold,Negative,3,2
34680,2017-01-03,cold,Negative,1,1
34681,2017-01-03,cold,Negative,3,1
34682,2017-01-03,cold,Negative,3,2
34683,2017-01-03,cold,Negative,7,2
34684,2017-01-03,cold,Negative,3,2
34860,2017-01-03,cold,Negative,1,1
34861,2017-01-03,cold,Negative,3,1
34862,2017-01-03,cold,Negative,3,2
34863,2017-01-03,cold,Negative,7,2
34864,2017-01-03,cold,Negative,3,2
34885,2017-01-03,cold,Negative,1,1
34886,2017-01-03,cold,Negative,3,1
34887,2017-01-03,cold,Negative,3,2
34888,2017-01-03,cold,Negative,7,2
34889,2017-01-03,cold,Negative,3,2
34890,2017-01-03,cold,Negative,1,1
34891,2017-01-03,cold,Negative,3,1
34892,2017-01-03,cold,Negative,3,2
34893,2017-01-03,cold,Negative,7,2
34894,2017-01-03,cold,Negative,3,2
34895,2017-01-03,cold,Negative,1,1
34896,2017-01-03,cold,Negative,3,1
34897,2017-01-03,cold,Negative,3,2
34898,2017-01-03,cold,Negative,7,2
34899,2017-01-03,cold,Negative,3,2
34985,2017-01-03,cold,Negative,1,1
34986,2017-01-03,cold,Negative,3,1
34987,2017-01-03,cold,Negative,3,2
34988,2017-01-03,cold,Negative,7,2
34989,2017-01-03,cold,Negative,3,2
34995,2017-01-03,cold,Negative,1,1
34996,2017-01-03,cold,Negative,3,1
34997,2017-01-03,cold,Negative,3,2
34998,2017-01-03,cold,Negative,7,2
34999,2017-01-03,cold,Negative,3,2
